query_product,model,reranking,rank,recommended_product,similarity_score,final_score,rating,sold,trust_score,is_mall
"Đồng hồ Samsung Galaxy Fit3, Màn hình AMOLED 1,6"", Pin 13 ngày, Luyện ngủ ngon, Cảnh báo té ngã",TF-IDF,no,1,Đồng hồ đeo tay thông minh Samsung Galaxy Watch FE 2024,0.3779,0.4564,5.0,1000,0.7,1
"Đồng hồ Samsung Galaxy Fit3, Màn hình AMOLED 1,6"", Pin 13 ngày, Luyện ngủ ngon, Cảnh báo té ngã",TF-IDF,no,2,"Đồng hồ thông minh Samsung Galaxy Watch8 40mm LTE, Galaxy AI, Đồng hồ mỏng nhất, Theo dõi sức khỏe toàn diện",0.3649,0.439,5.0,38,0.7,1
"Đồng hồ Samsung Galaxy Fit3, Màn hình AMOLED 1,6"", Pin 13 ngày, Luyện ngủ ngon, Cảnh báo té ngã",TF-IDF,no,3,"Đồng hồ thông minh Samsung Galaxy Watch8, Galaxy AI, Đồng hồ mỏng nhất, Theo dõi sức khỏe toàn diện, 40mm & 44mm",0.3622,0.4363,5.0,49,0.7,1
"Đồng hồ Samsung Galaxy Fit3, Màn hình AMOLED 1,6"", Pin 13 ngày, Luyện ngủ ngon, Cảnh báo té ngã",TF-IDF,no,4,"Đồng hồ thông minh Samsung Galaxy Watch7, Galaxy AI, 44mm",0.3547,0.4294,5.0,174,0.7,1
"Đồng hồ Samsung Galaxy Fit3, Màn hình AMOLED 1,6"", Pin 13 ngày, Luyện ngủ ngon, Cảnh báo té ngã",TF-IDF,no,5,"Đồng hồ thông minh Samsung Galaxy Watch Ultra, Galaxy AI, thiết kế từ Titan, 47mm, LTE",0.332,0.4065,5.0,141,0.7,1
"Đồng hồ Samsung Galaxy Fit3, Màn hình AMOLED 1,6"", Pin 13 ngày, Luyện ngủ ngon, Cảnh báo té ngã",TF-IDF,yes,1,Đồng hồ đeo tay thông minh Samsung Galaxy Watch FE 2024,0.3779,0.4564,5.0,1000,0.7,1
"Đồng hồ Samsung Galaxy Fit3, Màn hình AMOLED 1,6"", Pin 13 ngày, Luyện ngủ ngon, Cảnh báo té ngã",TF-IDF,yes,2,"Đồng hồ thông minh Samsung Galaxy Watch8 40mm LTE, Galaxy AI, Đồng hồ mỏng nhất, Theo dõi sức khỏe toàn diện",0.3649,0.439,5.0,38,0.7,1
"Đồng hồ Samsung Galaxy Fit3, Màn hình AMOLED 1,6"", Pin 13 ngày, Luyện ngủ ngon, Cảnh báo té ngã",TF-IDF,yes,3,"Đồng hồ thông minh Samsung Galaxy Watch8, Galaxy AI, Đồng hồ mỏng nhất, Theo dõi sức khỏe toàn diện, 40mm & 44mm",0.3622,0.4363,5.0,49,0.7,1
"Đồng hồ Samsung Galaxy Fit3, Màn hình AMOLED 1,6"", Pin 13 ngày, Luyện ngủ ngon, Cảnh báo té ngã",TF-IDF,yes,4,"Đồng hồ thông minh Samsung Galaxy Watch7, Galaxy AI, 44mm",0.3547,0.4294,5.0,174,0.7,1
"Đồng hồ Samsung Galaxy Fit3, Màn hình AMOLED 1,6"", Pin 13 ngày, Luyện ngủ ngon, Cảnh báo té ngã",TF-IDF,yes,5,"Đồng hồ thông minh Samsung Galaxy Watch Ultra, Galaxy AI, thiết kế từ Titan, 47mm, LTE",0.332,0.4065,5.0,141,0.7,1
"Đồng hồ Samsung Galaxy Fit3, Màn hình AMOLED 1,6"", Pin 13 ngày, Luyện ngủ ngon, Cảnh báo té ngã",SBERT,no,1,Đồng hồ đeo tay thông minh Samsung Galaxy Watch FE 2024,0.8046,0.8831,5.0,1000,0.7,1
"Đồng hồ Samsung Galaxy Fit3, Màn hình AMOLED 1,6"", Pin 13 ngày, Luyện ngủ ngon, Cảnh báo té ngã",SBERT,no,2,"Đồng hồ thông minh Samsung Galaxy Watch8, Galaxy AI, Đồng hồ mỏng nhất, Theo dõi sức khỏe toàn diện, 40mm & 44mm",0.7726,0.8467,5.0,49,0.7,1
"Đồng hồ Samsung Galaxy Fit3, Màn hình AMOLED 1,6"", Pin 13 ngày, Luyện ngủ ngon, Cảnh báo té ngã",SBERT,no,3,"Đồng hồ thông minh Samsung Galaxy Watch8 40mm LTE, Galaxy AI, Đồng hồ mỏng nhất, Theo dõi sức khỏe toàn diện",0.7692,0.8433,5.0,38,0.7,1
"Đồng hồ Samsung Galaxy Fit3, Màn hình AMOLED 1,6"", Pin 13 ngày, Luyện ngủ ngon, Cảnh báo té ngã",SBERT,no,4,"Đồng hồ thông minh Samsung Galaxy Watch7, Galaxy AI, 44mm",0.7633,0.838,5.0,174,0.7,1
"Đồng hồ Samsung Galaxy Fit3, Màn hình AMOLED 1,6"", Pin 13 ngày, Luyện ngủ ngon, Cảnh báo té ngã",SBERT,no,5,"điện thoại 4G Samsung Galaxy Note 9 ram 6G/128G Chính Hãng, Chiến Game mượt, Chụp ảnh siêu đẹp -CMMF",0.7385,0.7967,4.91,50,0.55,0
"Đồng hồ Samsung Galaxy Fit3, Màn hình AMOLED 1,6"", Pin 13 ngày, Luyện ngủ ngon, Cảnh báo té ngã",SBERT,yes,1,Đồng hồ đeo tay thông minh Samsung Galaxy Watch FE 2024,0.8046,0.8831,5.0,1000,0.7,1
"Đồng hồ Samsung Galaxy Fit3, Màn hình AMOLED 1,6"", Pin 13 ngày, Luyện ngủ ngon, Cảnh báo té ngã",SBERT,yes,2,"Đồng hồ thông minh Samsung Galaxy Watch8, Galaxy AI, Đồng hồ mỏng nhất, Theo dõi sức khỏe toàn diện, 40mm & 44mm",0.7726,0.8467,5.0,49,0.7,1
"Đồng hồ Samsung Galaxy Fit3, Màn hình AMOLED 1,6"", Pin 13 ngày, Luyện ngủ ngon, Cảnh báo té ngã",SBERT,yes,3,"Đồng hồ thông minh Samsung Galaxy Watch8 40mm LTE, Galaxy AI, Đồng hồ mỏng nhất, Theo dõi sức khỏe toàn diện",0.7692,0.8433,5.0,38,0.7,1
"Đồng hồ Samsung Galaxy Fit3, Màn hình AMOLED 1,6"", Pin 13 ngày, Luyện ngủ ngon, Cảnh báo té ngã",SBERT,yes,4,"Đồng hồ thông minh Samsung Galaxy Watch7, Galaxy AI, 44mm",0.7633,0.838,5.0,174,0.7,1
"Đồng hồ Samsung Galaxy Fit3, Màn hình AMOLED 1,6"", Pin 13 ngày, Luyện ngủ ngon, Cảnh báo té ngã",SBERT,yes,5,"Vòng đeo tay thông minh Xiaomi Smart Band 9 Active | Màn hình TFT 1,47'', tần số quét cao 60Hz | Thời lượng pin lên đến 18 ngày, khả năng chống nước 5ATM* | Theo dõi giấc ngủ và sức khỏe toàn diện nâng cấp*",0.7256,0.8131,4.89,436,0.8,1
"Đồng hồ Samsung Galaxy Fit3, Màn hình AMOLED 1,6"", Pin 13 ngày, Luyện ngủ ngon, Cảnh báo té ngã",PhoBERT,no,1,"Đồng hồ thông minh Samsung Galaxy Watch7, Galaxy AI, 44mm",0.9584,1.0331,5.0,174,0.7,1
"Đồng hồ Samsung Galaxy Fit3, Màn hình AMOLED 1,6"", Pin 13 ngày, Luyện ngủ ngon, Cảnh báo té ngã",PhoBERT,no,2,"Đồng hồ thông minh Samsung Galaxy Watch8, Galaxy AI, Đồng hồ mỏng nhất, Theo dõi sức khỏe toàn diện, 40mm & 44mm",0.956,1.0301,5.0,49,0.7,1
"Đồng hồ Samsung Galaxy Fit3, Màn hình AMOLED 1,6"", Pin 13 ngày, Luyện ngủ ngon, Cảnh báo té ngã",PhoBERT,no,3,"Điện thoại Samsung Galaxy A56 5G, Màn Hình FHD 6.7”, Mặt lưng kính, AI-Best Face, Camera giảm nhiễu ảnh chụp đêm, Sạc 45W",0.9543,1.0506,4.87,2400,0.8,1
"Đồng hồ Samsung Galaxy Fit3, Màn hình AMOLED 1,6"", Pin 13 ngày, Luyện ngủ ngon, Cảnh báo té ngã",PhoBERT,no,4,"Đồng hồ thông minh Samsung Galaxy Watch8 40mm LTE, Galaxy AI, Đồng hồ mỏng nhất, Theo dõi sức khỏe toàn diện",0.9535,1.0276,5.0,38,0.7,1
"Đồng hồ Samsung Galaxy Fit3, Màn hình AMOLED 1,6"", Pin 13 ngày, Luyện ngủ ngon, Cảnh báo té ngã",PhoBERT,no,5,"Điện thoại Samsung Galaxy A26 5G (8/128GB), Mặt lưng kính, AI-Circle to Search, Camera HDR chụp đêm sáng rõ",0.9507,1.0649,4.95,5100,0.8,1
"Đồng hồ Samsung Galaxy Fit3, Màn hình AMOLED 1,6"", Pin 13 ngày, Luyện ngủ ngon, Cảnh báo té ngã",PhoBERT,yes,1,"Điện thoại Samsung Galaxy S25 Ultra (256GB | 512GB), Điện thoại AI, Tìm kiếm thông minh, Video camera đêm Nightography, S Pen đa nhiệm",0.9483,1.0718,4.93,5600,0.85,1
"Đồng hồ Samsung Galaxy Fit3, Màn hình AMOLED 1,6"", Pin 13 ngày, Luyện ngủ ngon, Cảnh báo té ngã",PhoBERT,yes,2,"Điện thoại Samsung Galaxy A26 5G (8/128GB), Mặt lưng kính, AI-Circle to Search, Camera HDR chụp đêm sáng rõ",0.9507,1.0649,4.95,5100,0.8,1
"Đồng hồ Samsung Galaxy Fit3, Màn hình AMOLED 1,6"", Pin 13 ngày, Luyện ngủ ngon, Cảnh báo té ngã",PhoBERT,yes,3,"Điện thoại Samsung Galaxy A16 5G (4-128GB), màn hình Super AMOLED 6.7"", kháng bụi nước IP54, bền mượt 6 năm",0.9485,1.0523,4.92,3700,0.8,1
"Đồng hồ Samsung Galaxy Fit3, Màn hình AMOLED 1,6"", Pin 13 ngày, Luyện ngủ ngon, Cảnh báo té ngã",PhoBERT,yes,4,"Điện thoại Samsung Galaxy A56 5G, Màn Hình FHD 6.7”, Mặt lưng kính, AI-Best Face, Camera giảm nhiễu ảnh chụp đêm, Sạc 45W",0.9543,1.0506,4.87,2400,0.8,1
"Đồng hồ Samsung Galaxy Fit3, Màn hình AMOLED 1,6"", Pin 13 ngày, Luyện ngủ ngon, Cảnh báo té ngã",PhoBERT,yes,5,"Điện thoại Samsung Galaxy S24 Ultra, Điện thoại AI, Camera 200MP, Màn hình lớn 6.8""",0.9487,1.0474,5.0,5400,0.7,1
"Đồng hồ Samsung Galaxy Fit3, Màn hình AMOLED 1,6"", Pin 13 ngày, Luyện ngủ ngon, Cảnh báo té ngã",Hybrid-SBERT,no,1,Đồng hồ đeo tay thông minh Samsung Galaxy Watch FE 2024,0.9834,1.0619,5.0,1000,0.7,1
"Đồng hồ Samsung Galaxy Fit3, Màn hình AMOLED 1,6"", Pin 13 ngày, Luyện ngủ ngon, Cảnh báo té ngã",Hybrid-SBERT,no,2,"Đồng hồ thông minh Samsung Galaxy Watch8 40mm LTE, Galaxy AI, Đồng hồ mỏng nhất, Theo dõi sức khỏe toàn diện",0.9595,1.0336,5.0,38,0.7,1
"Đồng hồ Samsung Galaxy Fit3, Màn hình AMOLED 1,6"", Pin 13 ngày, Luyện ngủ ngon, Cảnh báo té ngã",Hybrid-SBERT,no,3,"Đồng hồ thông minh Samsung Galaxy Watch8, Galaxy AI, Đồng hồ mỏng nhất, Theo dõi sức khỏe toàn diện, 40mm & 44mm",0.9595,1.0336,5.0,49,0.7,1
"Đồng hồ Samsung Galaxy Fit3, Màn hình AMOLED 1,6"", Pin 13 ngày, Luyện ngủ ngon, Cảnh báo té ngã",Hybrid-SBERT,no,4,"Đồng hồ thông minh Samsung Galaxy Watch7, Galaxy AI, 44mm",0.9366,1.0113,5.0,174,0.7,1
"Đồng hồ Samsung Galaxy Fit3, Màn hình AMOLED 1,6"", Pin 13 ngày, Luyện ngủ ngon, Cảnh báo té ngã",Hybrid-SBERT,no,5,"Đồng hồ thông minh Samsung Galaxy Watch Ultra, Galaxy AI, thiết kế từ Titan, 47mm, LTE",0.9012,0.9757,5.0,141,0.7,1
"Đồng hồ Samsung Galaxy Fit3, Màn hình AMOLED 1,6"", Pin 13 ngày, Luyện ngủ ngon, Cảnh báo té ngã",Hybrid-SBERT,yes,1,Đồng hồ đeo tay thông minh Samsung Galaxy Watch FE 2024,0.9834,1.0619,5.0,1000,0.7,1
"Đồng hồ Samsung Galaxy Fit3, Màn hình AMOLED 1,6"", Pin 13 ngày, Luyện ngủ ngon, Cảnh báo té ngã",Hybrid-SBERT,yes,2,"Đồng hồ thông minh Samsung Galaxy Watch8, Galaxy AI, Đồng hồ mỏng nhất, Theo dõi sức khỏe toàn diện, 40mm & 44mm",0.9595,1.0336,5.0,49,0.7,1
"Đồng hồ Samsung Galaxy Fit3, Màn hình AMOLED 1,6"", Pin 13 ngày, Luyện ngủ ngon, Cảnh báo té ngã",Hybrid-SBERT,yes,3,"Đồng hồ thông minh Samsung Galaxy Watch8 40mm LTE, Galaxy AI, Đồng hồ mỏng nhất, Theo dõi sức khỏe toàn diện",0.9595,1.0336,5.0,38,0.7,1
"Đồng hồ Samsung Galaxy Fit3, Màn hình AMOLED 1,6"", Pin 13 ngày, Luyện ngủ ngon, Cảnh báo té ngã",Hybrid-SBERT,yes,4,"Đồng hồ thông minh Samsung Galaxy Watch7, Galaxy AI, 44mm",0.9366,1.0113,5.0,174,0.7,1
"Đồng hồ Samsung Galaxy Fit3, Màn hình AMOLED 1,6"", Pin 13 ngày, Luyện ngủ ngon, Cảnh báo té ngã",Hybrid-SBERT,yes,5,"Vòng đeo tay thông minh Xiaomi Smart Band 9 Active | Màn hình TFT 1,47'', tần số quét cao 60Hz | Thời lượng pin lên đến 18 ngày, khả năng chống nước 5ATM* | Theo dõi giấc ngủ và sức khỏe toàn diện nâng cấp*",0.8941,0.9816,4.89,436,0.8,1
"Đồng hồ Samsung Galaxy Fit3, Màn hình AMOLED 1,6"", Pin 13 ngày, Luyện ngủ ngon, Cảnh báo té ngã",Hybrid-PhoBERT,no,1,"Đồng hồ thông minh Samsung Galaxy Watch7, Galaxy AI, 44mm",0.96,1.0347,5.0,174,0.7,1
"Đồng hồ Samsung Galaxy Fit3, Màn hình AMOLED 1,6"", Pin 13 ngày, Luyện ngủ ngon, Cảnh báo té ngã",Hybrid-PhoBERT,no,2,"Đồng hồ thông minh Samsung Galaxy Watch8, Galaxy AI, Đồng hồ mỏng nhất, Theo dõi sức khỏe toàn diện, 40mm & 44mm",0.9595,1.0336,5.0,49,0.7,1
"Đồng hồ Samsung Galaxy Fit3, Màn hình AMOLED 1,6"", Pin 13 ngày, Luyện ngủ ngon, Cảnh báo té ngã",Hybrid-PhoBERT,no,3,"Đồng hồ thông minh Samsung Galaxy Watch8 40mm LTE, Galaxy AI, Đồng hồ mỏng nhất, Theo dõi sức khỏe toàn diện",0.9519,1.026,5.0,38,0.7,1
"Đồng hồ Samsung Galaxy Fit3, Màn hình AMOLED 1,6"", Pin 13 ngày, Luyện ngủ ngon, Cảnh báo té ngã",Hybrid-PhoBERT,no,4,"Đồng hồ thông minh Samsung Galaxy Watch Ultra, Galaxy AI, thiết kế từ Titan, 47mm, LTE",0.9148,0.9893,5.0,141,0.7,1
"Đồng hồ Samsung Galaxy Fit3, Màn hình AMOLED 1,6"", Pin 13 ngày, Luyện ngủ ngon, Cảnh báo té ngã",Hybrid-PhoBERT,no,5,"Điện thoại Samsung Galaxy S24 Ultra, Điện thoại AI, Camera 200MP, Màn hình lớn 6.8""",0.8565,0.9552,5.0,5400,0.7,1
"Đồng hồ Samsung Galaxy Fit3, Màn hình AMOLED 1,6"", Pin 13 ngày, Luyện ngủ ngon, Cảnh báo té ngã",Hybrid-PhoBERT,yes,1,"Đồng hồ thông minh Samsung Galaxy Watch7, Galaxy AI, 44mm",0.96,1.0347,5.0,174,0.7,1
"Đồng hồ Samsung Galaxy Fit3, Màn hình AMOLED 1,6"", Pin 13 ngày, Luyện ngủ ngon, Cảnh báo té ngã",Hybrid-PhoBERT,yes,2,"Đồng hồ thông minh Samsung Galaxy Watch8, Galaxy AI, Đồng hồ mỏng nhất, Theo dõi sức khỏe toàn diện, 40mm & 44mm",0.9595,1.0336,5.0,49,0.7,1
"Đồng hồ Samsung Galaxy Fit3, Màn hình AMOLED 1,6"", Pin 13 ngày, Luyện ngủ ngon, Cảnh báo té ngã",Hybrid-PhoBERT,yes,3,"Đồng hồ thông minh Samsung Galaxy Watch8 40mm LTE, Galaxy AI, Đồng hồ mỏng nhất, Theo dõi sức khỏe toàn diện",0.9519,1.026,5.0,38,0.7,1
"Đồng hồ Samsung Galaxy Fit3, Màn hình AMOLED 1,6"", Pin 13 ngày, Luyện ngủ ngon, Cảnh báo té ngã",Hybrid-PhoBERT,yes,4,"Đồng hồ thông minh Samsung Galaxy Watch Ultra, Galaxy AI, thiết kế từ Titan, 47mm, LTE",0.9148,0.9893,5.0,141,0.7,1
"Đồng hồ Samsung Galaxy Fit3, Màn hình AMOLED 1,6"", Pin 13 ngày, Luyện ngủ ngon, Cảnh báo té ngã",Hybrid-PhoBERT,yes,5,"Điện thoại Samsung Galaxy S24 Ultra, Điện thoại AI, Camera 200MP, Màn hình lớn 6.8""",0.8565,0.9552,5.0,5400,0.7,1
iPhone 13 - Hàng Chính Hãng VN/A,TF-IDF,no,1,Apple iPhone 13 128GB Chính Hãng (VN/A),0.3677,0.4434,5.0,396,0.7,1
iPhone 13 - Hàng Chính Hãng VN/A,TF-IDF,no,2,Apple iPhone 15 128GB Chính hãng (VN/A),0.3567,0.4358,4.89,203,0.75,1
iPhone 13 - Hàng Chính Hãng VN/A,TF-IDF,no,3,iPhone 15 128GB Chính Hãng VN/A,0.35,0.4244,5.0,114,0.7,1
iPhone 13 - Hàng Chính Hãng VN/A,TF-IDF,no,4,Apple iPhone 14 128GB Chính Hãng (VN/A),0.3419,0.4165,5.0,154,0.7,1
iPhone 13 - Hàng Chính Hãng VN/A,TF-IDF,no,5,Điện thoại Apple iPhone 17 Pro Max - Hàng Chính Hãng ZP/A,0.3147,0.4303,4.95,2300,0.95,1
iPhone 13 - Hàng Chính Hãng VN/A,TF-IDF,yes,1,Apple iPhone 13 128GB Chính Hãng (VN/A),0.3677,0.4434,5.0,396,0.7,1
iPhone 13 - Hàng Chính Hãng VN/A,TF-IDF,yes,2,Apple iPhone 15 128GB Chính hãng (VN/A),0.3567,0.4358,4.89,203,0.75,1
iPhone 13 - Hàng Chính Hãng VN/A,TF-IDF,yes,3,Điện thoại Apple iPhone 17 Pro Max - Hàng Chính Hãng ZP/A,0.3147,0.4303,4.95,2300,0.95,1
iPhone 13 - Hàng Chính Hãng VN/A,TF-IDF,yes,4,iPhone 15 128GB Chính Hãng VN/A,0.35,0.4244,5.0,114,0.7,1
iPhone 13 - Hàng Chính Hãng VN/A,TF-IDF,yes,5,Tai Nghe Apple EarPods Cổng Lightning (MMTN2) - Hàng Chính Hãng ZA/A,0.277,0.4227,4.91,6000,1.0,1
iPhone 13 - Hàng Chính Hãng VN/A,SBERT,no,1,Điện thoại Apple iPhone 16 Plus - Hàng Chính Hãng VN/A,0.899,0.994,4.98,895,0.85,1
iPhone 13 - Hàng Chính Hãng VN/A,SBERT,no,2,Apple iPhone 13 128GB Chính Hãng (VN/A),0.8964,0.9721,5.0,396,0.7,1
iPhone 13 - Hàng Chính Hãng VN/A,SBERT,no,3,Apple iPhone 15 128GB Chính hãng (VN/A),0.8919,0.971,4.89,203,0.75,1
iPhone 13 - Hàng Chính Hãng VN/A,SBERT,no,4,Điện thoại Apple iPhone 16 - Hàng Chính Hãng VN/A,0.8877,0.982,4.93,883,0.85,1
iPhone 13 - Hàng Chính Hãng VN/A,SBERT,no,5,Apple iPhone 14 128GB Chính hãng (VN/A),0.886,0.9603,5.0,87,0.7,1
iPhone 13 - Hàng Chính Hãng VN/A,SBERT,yes,1,Điện thoại Apple iPhone 16 Plus - Hàng Chính Hãng VN/A,0.899,0.994,4.98,895,0.85,1
iPhone 13 - Hàng Chính Hãng VN/A,SBERT,yes,2,Điện thoại Apple iPhone 16 - Hàng Chính Hãng VN/A,0.8877,0.982,4.93,883,0.85,1
iPhone 13 - Hàng Chính Hãng VN/A,SBERT,yes,3,Apple iPhone 13 128GB Chính Hãng (VN/A),0.8964,0.9721,5.0,396,0.7,1
iPhone 13 - Hàng Chính Hãng VN/A,SBERT,yes,4,Apple iPhone 15 128GB Chính hãng (VN/A),0.8919,0.971,4.89,203,0.75,1
iPhone 13 - Hàng Chính Hãng VN/A,SBERT,yes,5,Điện thoại Apple iPhone 17 Pro Max - Hàng Chính Hãng ZP/A,0.8506,0.9662,4.95,2300,0.95,1
iPhone 13 - Hàng Chính Hãng VN/A,PhoBERT,no,1,Điện thoại Apple iPhone Air - Hàng Chính Hãng ZP/A,0.9529,1.0326,5.0,90,0.75,1
iPhone 13 - Hàng Chính Hãng VN/A,PhoBERT,no,2,Apple iPhone 15 128GB Chính hãng (VN/A),0.9528,1.0319,4.89,203,0.75,1
iPhone 13 - Hàng Chính Hãng VN/A,PhoBERT,no,3,Điện thoại Apple iPhone 17 - Hàng Chính Hãng ZP/A,0.9525,1.0385,4.92,364,0.8,1
iPhone 13 - Hàng Chính Hãng VN/A,PhoBERT,no,4,Điện thoại Apple iPhone 16 Plus - Hàng Chính Hãng VN/A,0.9489,1.0439,4.98,895,0.85,1
iPhone 13 - Hàng Chính Hãng VN/A,PhoBERT,no,5,Điện thoại Apple iPhone 16 - Hàng Chính Hãng VN/A,0.9486,1.0429,4.93,883,0.85,1
iPhone 13 - Hàng Chính Hãng VN/A,PhoBERT,yes,1,MacBook Air 2020 13.3 inch M1- Hàng Chính Hãng SA/A,0.9406,1.0639,4.85,3400,0.95,1
iPhone 13 - Hàng Chính Hãng VN/A,PhoBERT,yes,2,Điện thoại Apple iPhone 17 Pro Max - Hàng Chính Hãng ZP/A,0.9367,1.0523,4.95,2300,0.95,1
iPhone 13 - Hàng Chính Hãng VN/A,PhoBERT,yes,3,Điện thoại Apple iPhone 16 Plus - Hàng Chính Hãng VN/A,0.9489,1.0439,4.98,895,0.85,1
iPhone 13 - Hàng Chính Hãng VN/A,PhoBERT,yes,4,Điện thoại Apple iPhone 16 - Hàng Chính Hãng VN/A,0.9486,1.0429,4.93,883,0.85,1
iPhone 13 - Hàng Chính Hãng VN/A,PhoBERT,yes,5,Điện thoại Apple iPhone 17 - Hàng Chính Hãng ZP/A,0.9525,1.0385,4.92,364,0.8,1
iPhone 13 - Hàng Chính Hãng VN/A,Hybrid-SBERT,no,1,Apple iPhone 13 128GB Chính Hãng (VN/A),0.9753,1.051,5.0,396,0.7,1
iPhone 13 - Hàng Chính Hãng VN/A,Hybrid-SBERT,no,2,Apple iPhone 15 128GB Chính hãng (VN/A),0.9595,1.0386,4.89,203,0.75,1
iPhone 13 - Hàng Chính Hãng VN/A,Hybrid-SBERT,no,3,iPhone 15 128GB Chính Hãng VN/A,0.9228,0.9972,5.0,114,0.7,1
iPhone 13 - Hàng Chính Hãng VN/A,Hybrid-SBERT,no,4,Apple iPhone 14 128GB Chính Hãng (VN/A),0.9086,0.9832,5.0,154,0.7,1
iPhone 13 - Hàng Chính Hãng VN/A,Hybrid-SBERT,no,5,Điện thoại Apple iPhone 17 - Hàng Chính Hãng ZP/A,0.9008,0.9868,4.92,364,0.8,1
iPhone 13 - Hàng Chính Hãng VN/A,Hybrid-SBERT,yes,1,Apple iPhone 13 128GB Chính Hãng (VN/A),0.9753,1.051,5.0,396,0.7,1
iPhone 13 - Hàng Chính Hãng VN/A,Hybrid-SBERT,yes,2,Apple iPhone 15 128GB Chính hãng (VN/A),0.9595,1.0386,4.89,203,0.75,1
iPhone 13 - Hàng Chính Hãng VN/A,Hybrid-SBERT,yes,3,Điện thoại Apple iPhone 17 Pro Max - Hàng Chính Hãng ZP/A,0.8884,1.004,4.95,2300,0.95,1
iPhone 13 - Hàng Chính Hãng VN/A,Hybrid-SBERT,yes,4,iPhone 15 128GB Chính Hãng VN/A,0.9228,0.9972,5.0,114,0.7,1
iPhone 13 - Hàng Chính Hãng VN/A,Hybrid-SBERT,yes,5,Điện thoại Apple iPhone 17 - Hàng Chính Hãng ZP/A,0.9008,0.9868,4.92,364,0.8,1
iPhone 13 - Hàng Chính Hãng VN/A,Hybrid-PhoBERT,no,1,Apple iPhone 15 128GB Chính hãng (VN/A),0.9673,1.0464,4.89,203,0.75,1
iPhone 13 - Hàng Chính Hãng VN/A,Hybrid-PhoBERT,no,2,Điện thoại Apple iPhone Air - Hàng Chính Hãng ZP/A,0.9456,1.0253,5.0,90,0.75,1
iPhone 13 - Hàng Chính Hãng VN/A,Hybrid-PhoBERT,no,3,Điện thoại Apple iPhone 17 - Hàng Chính Hãng ZP/A,0.9228,1.0088,4.92,364,0.8,1
iPhone 13 - Hàng Chính Hãng VN/A,Hybrid-PhoBERT,no,4,Điện thoại Apple iPhone 17 Pro Max - Hàng Chính Hãng ZP/A,0.8823,0.9979,4.95,2300,0.95,1
iPhone 13 - Hàng Chính Hãng VN/A,Hybrid-PhoBERT,no,5,Điện thoại Apple iPhone 16 - Hàng Chính Hãng VN/A,0.8705,0.9648,4.93,883,0.85,1
iPhone 13 - Hàng Chính Hãng VN/A,Hybrid-PhoBERT,yes,1,Apple iPhone 15 128GB Chính hãng (VN/A),0.9673,1.0464,4.89,203,0.75,1
iPhone 13 - Hàng Chính Hãng VN/A,Hybrid-PhoBERT,yes,2,Điện thoại Apple iPhone Air - Hàng Chính Hãng ZP/A,0.9456,1.0253,5.0,90,0.75,1
iPhone 13 - Hàng Chính Hãng VN/A,Hybrid-PhoBERT,yes,3,Điện thoại Apple iPhone 17 - Hàng Chính Hãng ZP/A,0.9228,1.0088,4.92,364,0.8,1
iPhone 13 - Hàng Chính Hãng VN/A,Hybrid-PhoBERT,yes,4,Điện thoại Apple iPhone 17 Pro Max - Hàng Chính Hãng ZP/A,0.8823,0.9979,4.95,2300,0.95,1
iPhone 13 - Hàng Chính Hãng VN/A,Hybrid-PhoBERT,yes,5,MacBook Air 2020 13.3 inch M1- Hàng Chính Hãng SA/A,0.8677,0.991,4.85,3400,0.95,1
Máy Tính Bảng Viết LCD 12 Inch Bảng Vẽ Kỹ Thuật Số Điện Tử Bảng Viết Xóa Được Xóa Một Cú Nhấp Chuột Kèm Nút Khóa Quà Tặng Cho Trẻ Em Người Lớn Tại Nhà Văn Phòng Trường Học,TF-IDF,no,1,Máy Tính Bảng Viết LCD 12 Inch Bảng Vẽ Kỹ Thuật Số Điện Tử Bảng Viết Xóa Được Màn Hình Màu Xóa Một Cú Nhấp Chuột Kèm Nút Khóa Quà Tặng Cho Trẻ Em Người Lớn Tại Nhà Văn Phòng Trường Học,0.8296,0.8824,5.0,0,0.5,0
Máy Tính Bảng Viết LCD 12 Inch Bảng Vẽ Kỹ Thuật Số Điện Tử Bảng Viết Xóa Được Xóa Một Cú Nhấp Chuột Kèm Nút Khóa Quà Tặng Cho Trẻ Em Người Lớn Tại Nhà Văn Phòng Trường Học,TF-IDF,no,2,"Máy Tính Có Thể Gập Lại & Máy Tính Bảng Viết LCD 6 Inch Bảng Vẽ Kỹ Thuật Số, Màn Hình 12 Chữ Số Với Bút Cảm Ứng Nút Xóa Dành Cho Trẻ Em Người Lớn Sử Dụng Tại Nhà Văn Phòng Trường Học",0.5251,0.5779,5.0,8,0.5,0
Máy Tính Bảng Viết LCD 12 Inch Bảng Vẽ Kỹ Thuật Số Điện Tử Bảng Viết Xóa Được Xóa Một Cú Nhấp Chuột Kèm Nút Khóa Quà Tặng Cho Trẻ Em Người Lớn Tại Nhà Văn Phòng Trường Học,TF-IDF,no,3,Máy tính bảng viết LCD cho người lớn xóa được 10 inch toàn màn hình Bảng vẽ cho các văn bản,0.3639,0.4167,5.0,0,0.5,0
Máy Tính Bảng Viết LCD 12 Inch Bảng Vẽ Kỹ Thuật Số Điện Tử Bảng Viết Xóa Được Xóa Một Cú Nhấp Chuột Kèm Nút Khóa Quà Tặng Cho Trẻ Em Người Lớn Tại Nhà Văn Phòng Trường Học,TF-IDF,no,4,Máy tính bảng vẽ điện tử thông minh tự xóa - Bản vẽ LCD - Trẻ em thông minh 12 inch,0.3161,0.3693,5.0,85,0.5,0
Máy Tính Bảng Viết LCD 12 Inch Bảng Vẽ Kỹ Thuật Số Điện Tử Bảng Viết Xóa Được Xóa Một Cú Nhấp Chuột Kèm Nút Khóa Quà Tặng Cho Trẻ Em Người Lớn Tại Nhà Văn Phòng Trường Học,TF-IDF,no,5,Garosa Máy tính bảng viết LCD 10 1 inch Bảng vẽ Doodle Bảng chữ viết tay dành cho doanh nghiệp có vỏ PU Bút cảm ứng từ tính cho văn phòng Doanh nhân trẻ mới biết đi Quà tặng đồ chơi giáo dục và học tập cho bé trai và bé gái,0.2728,0.3256,5.0,0,0.5,0
Máy Tính Bảng Viết LCD 12 Inch Bảng Vẽ Kỹ Thuật Số Điện Tử Bảng Viết Xóa Được Xóa Một Cú Nhấp Chuột Kèm Nút Khóa Quà Tặng Cho Trẻ Em Người Lớn Tại Nhà Văn Phòng Trường Học,TF-IDF,yes,1,Máy Tính Bảng Viết LCD 12 Inch Bảng Vẽ Kỹ Thuật Số Điện Tử Bảng Viết Xóa Được Màn Hình Màu Xóa Một Cú Nhấp Chuột Kèm Nút Khóa Quà Tặng Cho Trẻ Em Người Lớn Tại Nhà Văn Phòng Trường Học,0.8296,0.8824,5.0,0,0.5,0
Máy Tính Bảng Viết LCD 12 Inch Bảng Vẽ Kỹ Thuật Số Điện Tử Bảng Viết Xóa Được Xóa Một Cú Nhấp Chuột Kèm Nút Khóa Quà Tặng Cho Trẻ Em Người Lớn Tại Nhà Văn Phòng Trường Học,TF-IDF,yes,2,"Máy Tính Có Thể Gập Lại & Máy Tính Bảng Viết LCD 6 Inch Bảng Vẽ Kỹ Thuật Số, Màn Hình 12 Chữ Số Với Bút Cảm Ứng Nút Xóa Dành Cho Trẻ Em Người Lớn Sử Dụng Tại Nhà Văn Phòng Trường Học",0.5251,0.5779,5.0,8,0.5,0
Máy Tính Bảng Viết LCD 12 Inch Bảng Vẽ Kỹ Thuật Số Điện Tử Bảng Viết Xóa Được Xóa Một Cú Nhấp Chuột Kèm Nút Khóa Quà Tặng Cho Trẻ Em Người Lớn Tại Nhà Văn Phòng Trường Học,TF-IDF,yes,3,Máy tính bảng viết LCD cho người lớn xóa được 10 inch toàn màn hình Bảng vẽ cho các văn bản,0.3639,0.4167,5.0,0,0.5,0
Máy Tính Bảng Viết LCD 12 Inch Bảng Vẽ Kỹ Thuật Số Điện Tử Bảng Viết Xóa Được Xóa Một Cú Nhấp Chuột Kèm Nút Khóa Quà Tặng Cho Trẻ Em Người Lớn Tại Nhà Văn Phòng Trường Học,TF-IDF,yes,4,Máy tính bảng vẽ điện tử thông minh tự xóa - Bản vẽ LCD - Trẻ em thông minh 12 inch,0.3161,0.3693,5.0,85,0.5,0
Máy Tính Bảng Viết LCD 12 Inch Bảng Vẽ Kỹ Thuật Số Điện Tử Bảng Viết Xóa Được Xóa Một Cú Nhấp Chuột Kèm Nút Khóa Quà Tặng Cho Trẻ Em Người Lớn Tại Nhà Văn Phòng Trường Học,TF-IDF,yes,5,Garosa Máy tính bảng viết LCD 10 1 inch Bảng vẽ Doodle Bảng chữ viết tay dành cho doanh nghiệp có vỏ PU Bút cảm ứng từ tính cho văn phòng Doanh nhân trẻ mới biết đi Quà tặng đồ chơi giáo dục và học tập cho bé trai và bé gái,0.2728,0.3256,5.0,0,0.5,0
Máy Tính Bảng Viết LCD 12 Inch Bảng Vẽ Kỹ Thuật Số Điện Tử Bảng Viết Xóa Được Xóa Một Cú Nhấp Chuột Kèm Nút Khóa Quà Tặng Cho Trẻ Em Người Lớn Tại Nhà Văn Phòng Trường Học,SBERT,no,1,Máy Tính Bảng Viết LCD 12 Inch Bảng Vẽ Kỹ Thuật Số Điện Tử Bảng Viết Xóa Được Màn Hình Màu Xóa Một Cú Nhấp Chuột Kèm Nút Khóa Quà Tặng Cho Trẻ Em Người Lớn Tại Nhà Văn Phòng Trường Học,0.9744,1.0272,5.0,0,0.5,0
Máy Tính Bảng Viết LCD 12 Inch Bảng Vẽ Kỹ Thuật Số Điện Tử Bảng Viết Xóa Được Xóa Một Cú Nhấp Chuột Kèm Nút Khóa Quà Tặng Cho Trẻ Em Người Lớn Tại Nhà Văn Phòng Trường Học,SBERT,no,2,"Máy Tính Có Thể Gập Lại & Máy Tính Bảng Viết LCD 6 Inch Bảng Vẽ Kỹ Thuật Số, Màn Hình 12 Chữ Số Với Bút Cảm Ứng Nút Xóa Dành Cho Trẻ Em Người Lớn Sử Dụng Tại Nhà Văn Phòng Trường Học",0.9254,0.9782,5.0,8,0.5,0
Máy Tính Bảng Viết LCD 12 Inch Bảng Vẽ Kỹ Thuật Số Điện Tử Bảng Viết Xóa Được Xóa Một Cú Nhấp Chuột Kèm Nút Khóa Quà Tặng Cho Trẻ Em Người Lớn Tại Nhà Văn Phòng Trường Học,SBERT,no,3,BIGHSM Máy Tính Khoa Học Với Văn Bản Vẽ Máy Tính Bảng Xách Tay 12 Chữ Số LCD Lớn Hiển Thị Máy Tính Cho Toán Học Văn Phòng Dự Thảo Bản Ghi Nhớ,0.8226,0.8754,5.0,0,0.5,0
Máy Tính Bảng Viết LCD 12 Inch Bảng Vẽ Kỹ Thuật Số Điện Tử Bảng Viết Xóa Được Xóa Một Cú Nhấp Chuột Kèm Nút Khóa Quà Tặng Cho Trẻ Em Người Lớn Tại Nhà Văn Phòng Trường Học,SBERT,no,4,Garosa Máy tính bảng viết LCD 10 1 inch Bảng vẽ Doodle Bảng chữ viết tay dành cho doanh nghiệp có vỏ PU Bút cảm ứng từ tính cho văn phòng Doanh nhân trẻ mới biết đi Quà tặng đồ chơi giáo dục và học tập cho bé trai và bé gái,0.8217,0.8745,5.0,0,0.5,0
Máy Tính Bảng Viết LCD 12 Inch Bảng Vẽ Kỹ Thuật Số Điện Tử Bảng Viết Xóa Được Xóa Một Cú Nhấp Chuột Kèm Nút Khóa Quà Tặng Cho Trẻ Em Người Lớn Tại Nhà Văn Phòng Trường Học,SBERT,no,5,E-WOITD Máy Tính Khoa Học Với Văn Bản Vẽ Máy Tính Bảng Xách Tay 12 Chữ Số LCD Lớn Hiển Thị Máy Tính Cho Toán Học Văn Phòng Dự Thảo Bản Ghi Nhớ,0.815,0.8678,5.0,0,0.5,0
Máy Tính Bảng Viết LCD 12 Inch Bảng Vẽ Kỹ Thuật Số Điện Tử Bảng Viết Xóa Được Xóa Một Cú Nhấp Chuột Kèm Nút Khóa Quà Tặng Cho Trẻ Em Người Lớn Tại Nhà Văn Phòng Trường Học,SBERT,yes,1,Máy Tính Bảng Viết LCD 12 Inch Bảng Vẽ Kỹ Thuật Số Điện Tử Bảng Viết Xóa Được Màn Hình Màu Xóa Một Cú Nhấp Chuột Kèm Nút Khóa Quà Tặng Cho Trẻ Em Người Lớn Tại Nhà Văn Phòng Trường Học,0.9744,1.0272,5.0,0,0.5,0
Máy Tính Bảng Viết LCD 12 Inch Bảng Vẽ Kỹ Thuật Số Điện Tử Bảng Viết Xóa Được Xóa Một Cú Nhấp Chuột Kèm Nút Khóa Quà Tặng Cho Trẻ Em Người Lớn Tại Nhà Văn Phòng Trường Học,SBERT,yes,2,"Máy Tính Có Thể Gập Lại & Máy Tính Bảng Viết LCD 6 Inch Bảng Vẽ Kỹ Thuật Số, Màn Hình 12 Chữ Số Với Bút Cảm Ứng Nút Xóa Dành Cho Trẻ Em Người Lớn Sử Dụng Tại Nhà Văn Phòng Trường Học",0.9254,0.9782,5.0,8,0.5,0
Máy Tính Bảng Viết LCD 12 Inch Bảng Vẽ Kỹ Thuật Số Điện Tử Bảng Viết Xóa Được Xóa Một Cú Nhấp Chuột Kèm Nút Khóa Quà Tặng Cho Trẻ Em Người Lớn Tại Nhà Văn Phòng Trường Học,SBERT,yes,3,BIGHSM Máy Tính Khoa Học Với Văn Bản Vẽ Máy Tính Bảng Xách Tay 12 Chữ Số LCD Lớn Hiển Thị Máy Tính Cho Toán Học Văn Phòng Dự Thảo Bản Ghi Nhớ,0.8226,0.8754,5.0,0,0.5,0
Máy Tính Bảng Viết LCD 12 Inch Bảng Vẽ Kỹ Thuật Số Điện Tử Bảng Viết Xóa Được Xóa Một Cú Nhấp Chuột Kèm Nút Khóa Quà Tặng Cho Trẻ Em Người Lớn Tại Nhà Văn Phòng Trường Học,SBERT,yes,4,Garosa Máy tính bảng viết LCD 10 1 inch Bảng vẽ Doodle Bảng chữ viết tay dành cho doanh nghiệp có vỏ PU Bút cảm ứng từ tính cho văn phòng Doanh nhân trẻ mới biết đi Quà tặng đồ chơi giáo dục và học tập cho bé trai và bé gái,0.8217,0.8745,5.0,0,0.5,0
Máy Tính Bảng Viết LCD 12 Inch Bảng Vẽ Kỹ Thuật Số Điện Tử Bảng Viết Xóa Được Xóa Một Cú Nhấp Chuột Kèm Nút Khóa Quà Tặng Cho Trẻ Em Người Lớn Tại Nhà Văn Phòng Trường Học,SBERT,yes,5,E-WOITD Máy Tính Khoa Học Với Văn Bản Vẽ Máy Tính Bảng Xách Tay 12 Chữ Số LCD Lớn Hiển Thị Máy Tính Cho Toán Học Văn Phòng Dự Thảo Bản Ghi Nhớ,0.815,0.8678,5.0,0,0.5,0
Máy Tính Bảng Viết LCD 12 Inch Bảng Vẽ Kỹ Thuật Số Điện Tử Bảng Viết Xóa Được Xóa Một Cú Nhấp Chuột Kèm Nút Khóa Quà Tặng Cho Trẻ Em Người Lớn Tại Nhà Văn Phòng Trường Học,PhoBERT,no,1,Máy Tính Bảng Viết LCD 12 Inch Bảng Vẽ Kỹ Thuật Số Điện Tử Bảng Viết Xóa Được Màn Hình Màu Xóa Một Cú Nhấp Chuột Kèm Nút Khóa Quà Tặng Cho Trẻ Em Người Lớn Tại Nhà Văn Phòng Trường Học,0.9561,1.0089,5.0,0,0.5,0
Máy Tính Bảng Viết LCD 12 Inch Bảng Vẽ Kỹ Thuật Số Điện Tử Bảng Viết Xóa Được Xóa Một Cú Nhấp Chuột Kèm Nút Khóa Quà Tặng Cho Trẻ Em Người Lớn Tại Nhà Văn Phòng Trường Học,PhoBERT,no,2,BIGHSM Máy Tính Khoa Học Với Văn Bản Vẽ Máy Tính Bảng Xách Tay 12 Chữ Số LCD Lớn Hiển Thị Máy Tính Cho Toán Học Văn Phòng Dự Thảo Bản Ghi Nhớ,0.9171,0.9699,5.0,0,0.5,0
Máy Tính Bảng Viết LCD 12 Inch Bảng Vẽ Kỹ Thuật Số Điện Tử Bảng Viết Xóa Được Xóa Một Cú Nhấp Chuột Kèm Nút Khóa Quà Tặng Cho Trẻ Em Người Lớn Tại Nhà Văn Phòng Trường Học,PhoBERT,no,3,E-WOITD Máy Tính Khoa Học Với Văn Bản Vẽ Máy Tính Bảng Xách Tay 12 Chữ Số LCD Lớn Hiển Thị Máy Tính Cho Toán Học Văn Phòng Dự Thảo Bản Ghi Nhớ,0.9136,0.9664,5.0,0,0.5,0
Máy Tính Bảng Viết LCD 12 Inch Bảng Vẽ Kỹ Thuật Số Điện Tử Bảng Viết Xóa Được Xóa Một Cú Nhấp Chuột Kèm Nút Khóa Quà Tặng Cho Trẻ Em Người Lớn Tại Nhà Văn Phòng Trường Học,PhoBERT,no,4,"Máy Tính Có Thể Gập Lại & Máy Tính Bảng Viết LCD 6 Inch Bảng Vẽ Kỹ Thuật Số, Màn Hình 12 Chữ Số Với Bút Cảm Ứng Nút Xóa Dành Cho Trẻ Em Người Lớn Sử Dụng Tại Nhà Văn Phòng Trường Học",0.8828,0.9356,5.0,8,0.5,0
Máy Tính Bảng Viết LCD 12 Inch Bảng Vẽ Kỹ Thuật Số Điện Tử Bảng Viết Xóa Được Xóa Một Cú Nhấp Chuột Kèm Nút Khóa Quà Tặng Cho Trẻ Em Người Lớn Tại Nhà Văn Phòng Trường Học,PhoBERT,no,5,"Máy Tính Bảng Giáo Dục Sớm Thông Minh Cho Bé, Học Đọc Tiếng Việt, Đa Năng Như Điện Thoại Di Động",0.8812,0.934,5.0,5,0.5,0
Máy Tính Bảng Viết LCD 12 Inch Bảng Vẽ Kỹ Thuật Số Điện Tử Bảng Viết Xóa Được Xóa Một Cú Nhấp Chuột Kèm Nút Khóa Quà Tặng Cho Trẻ Em Người Lớn Tại Nhà Văn Phòng Trường Học,PhoBERT,yes,1,Máy Tính Bảng Viết LCD 12 Inch Bảng Vẽ Kỹ Thuật Số Điện Tử Bảng Viết Xóa Được Màn Hình Màu Xóa Một Cú Nhấp Chuột Kèm Nút Khóa Quà Tặng Cho Trẻ Em Người Lớn Tại Nhà Văn Phòng Trường Học,0.9561,1.0089,5.0,0,0.5,0
Máy Tính Bảng Viết LCD 12 Inch Bảng Vẽ Kỹ Thuật Số Điện Tử Bảng Viết Xóa Được Xóa Một Cú Nhấp Chuột Kèm Nút Khóa Quà Tặng Cho Trẻ Em Người Lớn Tại Nhà Văn Phòng Trường Học,PhoBERT,yes,2,BIGHSM Máy Tính Khoa Học Với Văn Bản Vẽ Máy Tính Bảng Xách Tay 12 Chữ Số LCD Lớn Hiển Thị Máy Tính Cho Toán Học Văn Phòng Dự Thảo Bản Ghi Nhớ,0.9171,0.9699,5.0,0,0.5,0
Máy Tính Bảng Viết LCD 12 Inch Bảng Vẽ Kỹ Thuật Số Điện Tử Bảng Viết Xóa Được Xóa Một Cú Nhấp Chuột Kèm Nút Khóa Quà Tặng Cho Trẻ Em Người Lớn Tại Nhà Văn Phòng Trường Học,PhoBERT,yes,3,E-WOITD Máy Tính Khoa Học Với Văn Bản Vẽ Máy Tính Bảng Xách Tay 12 Chữ Số LCD Lớn Hiển Thị Máy Tính Cho Toán Học Văn Phòng Dự Thảo Bản Ghi Nhớ,0.9136,0.9664,5.0,0,0.5,0
Máy Tính Bảng Viết LCD 12 Inch Bảng Vẽ Kỹ Thuật Số Điện Tử Bảng Viết Xóa Được Xóa Một Cú Nhấp Chuột Kèm Nút Khóa Quà Tặng Cho Trẻ Em Người Lớn Tại Nhà Văn Phòng Trường Học,PhoBERT,yes,4,"[Mã Giảm 20%, COD Thanh Toán Khi Nhận Hàng] Đồng hồ Apple Watch SE 3 GPS Vỏ Nhôm và Dây Đeo Thể Thao (Cao Su) - Hàng Chính Hãng SA/A",0.8651,0.9512,4.67,52,0.85,1
Máy Tính Bảng Viết LCD 12 Inch Bảng Vẽ Kỹ Thuật Số Điện Tử Bảng Viết Xóa Được Xóa Một Cú Nhấp Chuột Kèm Nút Khóa Quà Tặng Cho Trẻ Em Người Lớn Tại Nhà Văn Phòng Trường Học,PhoBERT,yes,5,Đồng hồ Apple Watch SE 2023 GPS - Vỏ Nhôm Và Dây Đeo Cao Su Với Kiểu Dáng Thể Thao - Hàng Chính Hãng SA/A,0.8645,0.9493,4.96,0,0.8,1
Máy Tính Bảng Viết LCD 12 Inch Bảng Vẽ Kỹ Thuật Số Điện Tử Bảng Viết Xóa Được Xóa Một Cú Nhấp Chuột Kèm Nút Khóa Quà Tặng Cho Trẻ Em Người Lớn Tại Nhà Văn Phòng Trường Học,Hybrid-SBERT,no,1,Máy Tính Bảng Viết LCD 12 Inch Bảng Vẽ Kỹ Thuật Số Điện Tử Bảng Viết Xóa Được Màn Hình Màu Xóa Một Cú Nhấp Chuột Kèm Nút Khóa Quà Tặng Cho Trẻ Em Người Lớn Tại Nhà Văn Phòng Trường Học,0.9834,1.0362,5.0,0,0.5,0
Máy Tính Bảng Viết LCD 12 Inch Bảng Vẽ Kỹ Thuật Số Điện Tử Bảng Viết Xóa Được Xóa Một Cú Nhấp Chuột Kèm Nút Khóa Quà Tặng Cho Trẻ Em Người Lớn Tại Nhà Văn Phòng Trường Học,Hybrid-SBERT,no,2,"Máy Tính Có Thể Gập Lại & Máy Tính Bảng Viết LCD 6 Inch Bảng Vẽ Kỹ Thuật Số, Màn Hình 12 Chữ Số Với Bút Cảm Ứng Nút Xóa Dành Cho Trẻ Em Người Lớn Sử Dụng Tại Nhà Văn Phòng Trường Học",0.9673,1.0201,5.0,8,0.5,0
Máy Tính Bảng Viết LCD 12 Inch Bảng Vẽ Kỹ Thuật Số Điện Tử Bảng Viết Xóa Được Xóa Một Cú Nhấp Chuột Kèm Nút Khóa Quà Tặng Cho Trẻ Em Người Lớn Tại Nhà Văn Phòng Trường Học,Hybrid-SBERT,no,3,Garosa Máy tính bảng viết LCD 10 1 inch Bảng vẽ Doodle Bảng chữ viết tay dành cho doanh nghiệp có vỏ PU Bút cảm ứng từ tính cho văn phòng Doanh nhân trẻ mới biết đi Quà tặng đồ chơi giáo dục và học tập cho bé trai và bé gái,0.9293,0.9821,5.0,0,0.5,0
Máy Tính Bảng Viết LCD 12 Inch Bảng Vẽ Kỹ Thuật Số Điện Tử Bảng Viết Xóa Được Xóa Một Cú Nhấp Chuột Kèm Nút Khóa Quà Tặng Cho Trẻ Em Người Lớn Tại Nhà Văn Phòng Trường Học,Hybrid-SBERT,no,4,Máy tính bảng viết LCD cho người lớn xóa được 10 inch toàn màn hình Bảng vẽ cho các văn bản,0.9228,0.9756,5.0,0,0.5,0
Máy Tính Bảng Viết LCD 12 Inch Bảng Vẽ Kỹ Thuật Số Điện Tử Bảng Viết Xóa Được Xóa Một Cú Nhấp Chuột Kèm Nút Khóa Quà Tặng Cho Trẻ Em Người Lớn Tại Nhà Văn Phòng Trường Học,Hybrid-SBERT,no,5,BIGHSM Máy Tính Khoa Học Với Văn Bản Vẽ Máy Tính Bảng Xách Tay 12 Chữ Số LCD Lớn Hiển Thị Máy Tính Cho Toán Học Văn Phòng Dự Thảo Bản Ghi Nhớ,0.9228,0.9756,5.0,0,0.5,0
Máy Tính Bảng Viết LCD 12 Inch Bảng Vẽ Kỹ Thuật Số Điện Tử Bảng Viết Xóa Được Xóa Một Cú Nhấp Chuột Kèm Nút Khóa Quà Tặng Cho Trẻ Em Người Lớn Tại Nhà Văn Phòng Trường Học,Hybrid-SBERT,yes,1,Máy Tính Bảng Viết LCD 12 Inch Bảng Vẽ Kỹ Thuật Số Điện Tử Bảng Viết Xóa Được Màn Hình Màu Xóa Một Cú Nhấp Chuột Kèm Nút Khóa Quà Tặng Cho Trẻ Em Người Lớn Tại Nhà Văn Phòng Trường Học,0.9834,1.0362,5.0,0,0.5,0
Máy Tính Bảng Viết LCD 12 Inch Bảng Vẽ Kỹ Thuật Số Điện Tử Bảng Viết Xóa Được Xóa Một Cú Nhấp Chuột Kèm Nút Khóa Quà Tặng Cho Trẻ Em Người Lớn Tại Nhà Văn Phòng Trường Học,Hybrid-SBERT,yes,2,"Máy Tính Có Thể Gập Lại & Máy Tính Bảng Viết LCD 6 Inch Bảng Vẽ Kỹ Thuật Số, Màn Hình 12 Chữ Số Với Bút Cảm Ứng Nút Xóa Dành Cho Trẻ Em Người Lớn Sử Dụng Tại Nhà Văn Phòng Trường Học",0.9673,1.0201,5.0,8,0.5,0
Máy Tính Bảng Viết LCD 12 Inch Bảng Vẽ Kỹ Thuật Số Điện Tử Bảng Viết Xóa Được Xóa Một Cú Nhấp Chuột Kèm Nút Khóa Quà Tặng Cho Trẻ Em Người Lớn Tại Nhà Văn Phòng Trường Học,Hybrid-SBERT,yes,3,Garosa Máy tính bảng viết LCD 10 1 inch Bảng vẽ Doodle Bảng chữ viết tay dành cho doanh nghiệp có vỏ PU Bút cảm ứng từ tính cho văn phòng Doanh nhân trẻ mới biết đi Quà tặng đồ chơi giáo dục và học tập cho bé trai và bé gái,0.9293,0.9821,5.0,0,0.5,0
Máy Tính Bảng Viết LCD 12 Inch Bảng Vẽ Kỹ Thuật Số Điện Tử Bảng Viết Xóa Được Xóa Một Cú Nhấp Chuột Kèm Nút Khóa Quà Tặng Cho Trẻ Em Người Lớn Tại Nhà Văn Phòng Trường Học,Hybrid-SBERT,yes,4,Máy tính bảng viết LCD cho người lớn xóa được 10 inch toàn màn hình Bảng vẽ cho các văn bản,0.9228,0.9756,5.0,0,0.5,0
Máy Tính Bảng Viết LCD 12 Inch Bảng Vẽ Kỹ Thuật Số Điện Tử Bảng Viết Xóa Được Xóa Một Cú Nhấp Chuột Kèm Nút Khóa Quà Tặng Cho Trẻ Em Người Lớn Tại Nhà Văn Phòng Trường Học,Hybrid-SBERT,yes,5,BIGHSM Máy Tính Khoa Học Với Văn Bản Vẽ Máy Tính Bảng Xách Tay 12 Chữ Số LCD Lớn Hiển Thị Máy Tính Cho Toán Học Văn Phòng Dự Thảo Bản Ghi Nhớ,0.9228,0.9756,5.0,0,0.5,0
Máy Tính Bảng Viết LCD 12 Inch Bảng Vẽ Kỹ Thuật Số Điện Tử Bảng Viết Xóa Được Xóa Một Cú Nhấp Chuột Kèm Nút Khóa Quà Tặng Cho Trẻ Em Người Lớn Tại Nhà Văn Phòng Trường Học,Hybrid-PhoBERT,no,1,Máy Tính Bảng Viết LCD 12 Inch Bảng Vẽ Kỹ Thuật Số Điện Tử Bảng Viết Xóa Được Màn Hình Màu Xóa Một Cú Nhấp Chuột Kèm Nút Khóa Quà Tặng Cho Trẻ Em Người Lớn Tại Nhà Văn Phòng Trường Học,0.9834,1.0362,5.0,0,0.5,0
Máy Tính Bảng Viết LCD 12 Inch Bảng Vẽ Kỹ Thuật Số Điện Tử Bảng Viết Xóa Được Xóa Một Cú Nhấp Chuột Kèm Nút Khóa Quà Tặng Cho Trẻ Em Người Lớn Tại Nhà Văn Phòng Trường Học,Hybrid-PhoBERT,no,2,"Máy Tính Có Thể Gập Lại & Máy Tính Bảng Viết LCD 6 Inch Bảng Vẽ Kỹ Thuật Số, Màn Hình 12 Chữ Số Với Bút Cảm Ứng Nút Xóa Dành Cho Trẻ Em Người Lớn Sử Dụng Tại Nhà Văn Phòng Trường Học",0.9519,1.0047,5.0,8,0.5,0
Máy Tính Bảng Viết LCD 12 Inch Bảng Vẽ Kỹ Thuật Số Điện Tử Bảng Viết Xóa Được Xóa Một Cú Nhấp Chuột Kèm Nút Khóa Quà Tặng Cho Trẻ Em Người Lớn Tại Nhà Văn Phòng Trường Học,Hybrid-PhoBERT,no,3,BIGHSM Máy Tính Khoa Học Với Văn Bản Vẽ Máy Tính Bảng Xách Tay 12 Chữ Số LCD Lớn Hiển Thị Máy Tính Cho Toán Học Văn Phòng Dự Thảo Bản Ghi Nhớ,0.9306,0.9834,5.0,0,0.5,0
Máy Tính Bảng Viết LCD 12 Inch Bảng Vẽ Kỹ Thuật Số Điện Tử Bảng Viết Xóa Được Xóa Một Cú Nhấp Chuột Kèm Nút Khóa Quà Tặng Cho Trẻ Em Người Lớn Tại Nhà Văn Phòng Trường Học,Hybrid-PhoBERT,no,4,E-WOITD Máy Tính Khoa Học Với Văn Bản Vẽ Máy Tính Bảng Xách Tay 12 Chữ Số LCD Lớn Hiển Thị Máy Tính Cho Toán Học Văn Phòng Dự Thảo Bản Ghi Nhớ,0.9161,0.9689,5.0,0,0.5,0
Máy Tính Bảng Viết LCD 12 Inch Bảng Vẽ Kỹ Thuật Số Điện Tử Bảng Viết Xóa Được Xóa Một Cú Nhấp Chuột Kèm Nút Khóa Quà Tặng Cho Trẻ Em Người Lớn Tại Nhà Văn Phòng Trường Học,Hybrid-PhoBERT,no,5,2023 Mới Máy Tính Bảng X6 Pro 10.8 Inch 4K Toàn Màn Hình 12GB RAM + 512GB ROM Call Tablet Series 4G/5G WIFI Dual SIM Android 12.0 8800mah Type-C Máy Tính Bảng Học Tập Cho Trẻ Em Miễn Phí Vận Chuyển,0.8634,0.925,4.7,128,0.6,0
Máy Tính Bảng Viết LCD 12 Inch Bảng Vẽ Kỹ Thuật Số Điện Tử Bảng Viết Xóa Được Xóa Một Cú Nhấp Chuột Kèm Nút Khóa Quà Tặng Cho Trẻ Em Người Lớn Tại Nhà Văn Phòng Trường Học,Hybrid-PhoBERT,yes,1,Máy Tính Bảng Viết LCD 12 Inch Bảng Vẽ Kỹ Thuật Số Điện Tử Bảng Viết Xóa Được Màn Hình Màu Xóa Một Cú Nhấp Chuột Kèm Nút Khóa Quà Tặng Cho Trẻ Em Người Lớn Tại Nhà Văn Phòng Trường Học,0.9834,1.0362,5.0,0,0.5,0
Máy Tính Bảng Viết LCD 12 Inch Bảng Vẽ Kỹ Thuật Số Điện Tử Bảng Viết Xóa Được Xóa Một Cú Nhấp Chuột Kèm Nút Khóa Quà Tặng Cho Trẻ Em Người Lớn Tại Nhà Văn Phòng Trường Học,Hybrid-PhoBERT,yes,2,"Máy Tính Có Thể Gập Lại & Máy Tính Bảng Viết LCD 6 Inch Bảng Vẽ Kỹ Thuật Số, Màn Hình 12 Chữ Số Với Bút Cảm Ứng Nút Xóa Dành Cho Trẻ Em Người Lớn Sử Dụng Tại Nhà Văn Phòng Trường Học",0.9519,1.0047,5.0,8,0.5,0
Máy Tính Bảng Viết LCD 12 Inch Bảng Vẽ Kỹ Thuật Số Điện Tử Bảng Viết Xóa Được Xóa Một Cú Nhấp Chuột Kèm Nút Khóa Quà Tặng Cho Trẻ Em Người Lớn Tại Nhà Văn Phòng Trường Học,Hybrid-PhoBERT,yes,3,BIGHSM Máy Tính Khoa Học Với Văn Bản Vẽ Máy Tính Bảng Xách Tay 12 Chữ Số LCD Lớn Hiển Thị Máy Tính Cho Toán Học Văn Phòng Dự Thảo Bản Ghi Nhớ,0.9306,0.9834,5.0,0,0.5,0
Máy Tính Bảng Viết LCD 12 Inch Bảng Vẽ Kỹ Thuật Số Điện Tử Bảng Viết Xóa Được Xóa Một Cú Nhấp Chuột Kèm Nút Khóa Quà Tặng Cho Trẻ Em Người Lớn Tại Nhà Văn Phòng Trường Học,Hybrid-PhoBERT,yes,4,E-WOITD Máy Tính Khoa Học Với Văn Bản Vẽ Máy Tính Bảng Xách Tay 12 Chữ Số LCD Lớn Hiển Thị Máy Tính Cho Toán Học Văn Phòng Dự Thảo Bản Ghi Nhớ,0.9161,0.9689,5.0,0,0.5,0
Máy Tính Bảng Viết LCD 12 Inch Bảng Vẽ Kỹ Thuật Số Điện Tử Bảng Viết Xóa Được Xóa Một Cú Nhấp Chuột Kèm Nút Khóa Quà Tặng Cho Trẻ Em Người Lớn Tại Nhà Văn Phòng Trường Học,Hybrid-PhoBERT,yes,5,2023 Mới Máy Tính Bảng X6 Pro 10.8 Inch 4K Toàn Màn Hình 12GB RAM + 512GB ROM Call Tablet Series 4G/5G WIFI Dual SIM Android 12.0 8800mah Type-C Máy Tính Bảng Học Tập Cho Trẻ Em Miễn Phí Vận Chuyển,0.8634,0.925,4.7,128,0.6,0
"POCO C85 | Pin khủng 6000mAh (typ) | Lên đến 22 giờ xem video | Màn hình lớn 6.9""sống động | Tốc độ làm mới cao lên đến 120Hz | Sạc nhanh 33W | Pin đạt 50% sau 31 phút sạc | Vi xử lý tám nhân mạnh mẽ | Camera kép AI 50MP sắc nét",TF-IDF,no,1,Điện thoại thông minh POCO X8 PRO| Pin cực lớn 6500mAh(typ) sạc nhanh 100W| Màn hình AMOLED 1.5K 120Hz,0.3054,0.3943,4.94,406,0.8,1
"POCO C85 | Pin khủng 6000mAh (typ) | Lên đến 22 giờ xem video | Màn hình lớn 6.9""sống động | Tốc độ làm mới cao lên đến 120Hz | Sạc nhanh 33W | Pin đạt 50% sau 31 phút sạc | Vi xử lý tám nhân mạnh mẽ | Camera kép AI 50MP sắc nét",TF-IDF,no,2,Máy tính bảng Xiaomi Pad 8 (8+128GB|8+256GB)| Pin 9.200mAh (typ) siêu lớn| Màn hình 3.2K 144Hz siêu sắc nét| Vi xử lý Snapdragon 8s Gen 4,0.2138,0.2983,5.0,7,0.8,1
"POCO C85 | Pin khủng 6000mAh (typ) | Lên đến 22 giờ xem video | Màn hình lớn 6.9""sống động | Tốc độ làm mới cao lên đến 120Hz | Sạc nhanh 33W | Pin đạt 50% sau 31 phút sạc | Vi xử lý tám nhân mạnh mẽ | Camera kép AI 50MP sắc nét",TF-IDF,no,3,Máy tính bảng Xiaomi Pad 7 (8+128GB | 8+256GB) | Màn hình 3.2K 144Hz siêu rõ nét | HyperAI | Vi xử lí Snapdragon® 7+ Gen 3 Mobile Platform,0.2134,0.3033,4.89,196,0.85,1
"POCO C85 | Pin khủng 6000mAh (typ) | Lên đến 22 giờ xem video | Màn hình lớn 6.9""sống động | Tốc độ làm mới cao lên đến 120Hz | Sạc nhanh 33W | Pin đạt 50% sau 31 phút sạc | Vi xử lý tám nhân mạnh mẽ | Camera kép AI 50MP sắc nét",TF-IDF,no,4,Điện thoại vivo Y28 (8GB+256GB) - Chính hãng - 1 Đổi 1 tháng đầu tiên - Bảo hành 12 tháng,0.2127,0.2866,5.0,0,0.7,1
"POCO C85 | Pin khủng 6000mAh (typ) | Lên đến 22 giờ xem video | Màn hình lớn 6.9""sống động | Tốc độ làm mới cao lên đến 120Hz | Sạc nhanh 33W | Pin đạt 50% sau 31 phút sạc | Vi xử lý tám nhân mạnh mẽ | Camera kép AI 50MP sắc nét",TF-IDF,no,5,Điện thoại vivo Y28 (8GB+128GB) - Chính hãng - 1 Đổi 1 tháng đầu tiên - Bảo hành 12 tháng,0.2126,0.2865,5.0,0,0.7,1
"POCO C85 | Pin khủng 6000mAh (typ) | Lên đến 22 giờ xem video | Màn hình lớn 6.9""sống động | Tốc độ làm mới cao lên đến 120Hz | Sạc nhanh 33W | Pin đạt 50% sau 31 phút sạc | Vi xử lý tám nhân mạnh mẽ | Camera kép AI 50MP sắc nét",TF-IDF,yes,1,Điện thoại thông minh POCO X8 PRO| Pin cực lớn 6500mAh(typ) sạc nhanh 100W| Màn hình AMOLED 1.5K 120Hz,0.3054,0.3943,4.94,406,0.8,1
"POCO C85 | Pin khủng 6000mAh (typ) | Lên đến 22 giờ xem video | Màn hình lớn 6.9""sống động | Tốc độ làm mới cao lên đến 120Hz | Sạc nhanh 33W | Pin đạt 50% sau 31 phút sạc | Vi xử lý tám nhân mạnh mẽ | Camera kép AI 50MP sắc nét",TF-IDF,yes,2,Máy tính bảng Xiaomi Pad 7 (8+128GB | 8+256GB) | Màn hình 3.2K 144Hz siêu rõ nét | HyperAI | Vi xử lí Snapdragon® 7+ Gen 3 Mobile Platform,0.2134,0.3033,4.89,196,0.85,1
"POCO C85 | Pin khủng 6000mAh (typ) | Lên đến 22 giờ xem video | Màn hình lớn 6.9""sống động | Tốc độ làm mới cao lên đến 120Hz | Sạc nhanh 33W | Pin đạt 50% sau 31 phút sạc | Vi xử lý tám nhân mạnh mẽ | Camera kép AI 50MP sắc nét",TF-IDF,yes,3,Điện thoại thông minh Xiaomi 15 Ultra (16+512GB) | Camera Leica | Ống kính tele 200MP | Xiaomi HyperAI,0.2106,0.3018,5.0,191,0.85,1
"POCO C85 | Pin khủng 6000mAh (typ) | Lên đến 22 giờ xem video | Màn hình lớn 6.9""sống động | Tốc độ làm mới cao lên đến 120Hz | Sạc nhanh 33W | Pin đạt 50% sau 31 phút sạc | Vi xử lý tám nhân mạnh mẽ | Camera kép AI 50MP sắc nét",TF-IDF,yes,4,Máy tính bảng Xiaomi Pad 8 (8+128GB|8+256GB)| Pin 9.200mAh (typ) siêu lớn| Màn hình 3.2K 144Hz siêu sắc nét| Vi xử lý Snapdragon 8s Gen 4,0.2138,0.2983,5.0,7,0.8,1
"POCO C85 | Pin khủng 6000mAh (typ) | Lên đến 22 giờ xem video | Màn hình lớn 6.9""sống động | Tốc độ làm mới cao lên đến 120Hz | Sạc nhanh 33W | Pin đạt 50% sau 31 phút sạc | Vi xử lý tám nhân mạnh mẽ | Camera kép AI 50MP sắc nét",TF-IDF,yes,5,Điện thoại vivo Y28 (8GB+256GB) - Chính hãng - 1 Đổi 1 tháng đầu tiên - Bảo hành 12 tháng,0.2127,0.2866,5.0,0,0.7,1
"POCO C85 | Pin khủng 6000mAh (typ) | Lên đến 22 giờ xem video | Màn hình lớn 6.9""sống động | Tốc độ làm mới cao lên đến 120Hz | Sạc nhanh 33W | Pin đạt 50% sau 31 phút sạc | Vi xử lý tám nhân mạnh mẽ | Camera kép AI 50MP sắc nét",SBERT,no,1,Điện thoại thông minh POCO X8 PRO| Pin cực lớn 6500mAh(typ) sạc nhanh 100W| Màn hình AMOLED 1.5K 120Hz,0.7992,0.8881,4.94,406,0.8,1
"POCO C85 | Pin khủng 6000mAh (typ) | Lên đến 22 giờ xem video | Màn hình lớn 6.9""sống động | Tốc độ làm mới cao lên đến 120Hz | Sạc nhanh 33W | Pin đạt 50% sau 31 phút sạc | Vi xử lý tám nhân mạnh mẽ | Camera kép AI 50MP sắc nét",SBERT,no,2,"[New] REDMI Pad 2 Pro 5G | Màn hình 12,1"" 2,5K siêu rõ nét | Hình ảnh mượt mà với tần số quét lên đến 120Hz | Pin 12.000mAh (typ) dung lượng lớn | Bộ xử lý 4nm tiên tiến với 5G",0.6978,0.7718,5.0,13,0.7,1
"POCO C85 | Pin khủng 6000mAh (typ) | Lên đến 22 giờ xem video | Màn hình lớn 6.9""sống động | Tốc độ làm mới cao lên đến 120Hz | Sạc nhanh 33W | Pin đạt 50% sau 31 phút sạc | Vi xử lý tám nhân mạnh mẽ | Camera kép AI 50MP sắc nét",SBERT,no,3,Điện thoại di động giá rẻ S23 Ultra Full HD 7.3Inch Điện Thoại Di Động Bộ Nhớ Lớn 16+1T Hai Thẻ Sim Camera HD 48+100MP Pin 8000mAh điện thoại chính hãng giá rẻ,0.6676,0.7204,5.0,0,0.5,0
"POCO C85 | Pin khủng 6000mAh (typ) | Lên đến 22 giờ xem video | Màn hình lớn 6.9""sống động | Tốc độ làm mới cao lên đến 120Hz | Sạc nhanh 33W | Pin đạt 50% sau 31 phút sạc | Vi xử lý tám nhân mạnh mẽ | Camera kép AI 50MP sắc nét",SBERT,no,4,"Điện thoại 0p_po A9 (2020) 8GB/256GB nguyên zin đẹp keng Full chức năng kèm ốp lưng, cường lực BH 06 tháng",0.6532,0.7062,5.0,12,0.5,0
"POCO C85 | Pin khủng 6000mAh (typ) | Lên đến 22 giờ xem video | Màn hình lớn 6.9""sống động | Tốc độ làm mới cao lên đến 120Hz | Sạc nhanh 33W | Pin đạt 50% sau 31 phút sạc | Vi xử lý tám nhân mạnh mẽ | Camera kép AI 50MP sắc nét",SBERT,no,5,Điện thoại F11 (6/128gb) Đen,0.65,0.7028,5.0,0,0.5,0
"POCO C85 | Pin khủng 6000mAh (typ) | Lên đến 22 giờ xem video | Màn hình lớn 6.9""sống động | Tốc độ làm mới cao lên đến 120Hz | Sạc nhanh 33W | Pin đạt 50% sau 31 phút sạc | Vi xử lý tám nhân mạnh mẽ | Camera kép AI 50MP sắc nét",SBERT,yes,1,Điện thoại thông minh POCO X8 PRO| Pin cực lớn 6500mAh(typ) sạc nhanh 100W| Màn hình AMOLED 1.5K 120Hz,0.7992,0.8881,4.94,406,0.8,1
"POCO C85 | Pin khủng 6000mAh (typ) | Lên đến 22 giờ xem video | Màn hình lớn 6.9""sống động | Tốc độ làm mới cao lên đến 120Hz | Sạc nhanh 33W | Pin đạt 50% sau 31 phút sạc | Vi xử lý tám nhân mạnh mẽ | Camera kép AI 50MP sắc nét",SBERT,yes,2,"[New] REDMI Pad 2 Pro 5G | Màn hình 12,1"" 2,5K siêu rõ nét | Hình ảnh mượt mà với tần số quét lên đến 120Hz | Pin 12.000mAh (typ) dung lượng lớn | Bộ xử lý 4nm tiên tiến với 5G",0.6978,0.7718,5.0,13,0.7,1
"POCO C85 | Pin khủng 6000mAh (typ) | Lên đến 22 giờ xem video | Màn hình lớn 6.9""sống động | Tốc độ làm mới cao lên đến 120Hz | Sạc nhanh 33W | Pin đạt 50% sau 31 phút sạc | Vi xử lý tám nhân mạnh mẽ | Camera kép AI 50MP sắc nét",SBERT,yes,3,Điện thoại di động giá rẻ S23 Ultra Full HD 7.3Inch Điện Thoại Di Động Bộ Nhớ Lớn 16+1T Hai Thẻ Sim Camera HD 48+100MP Pin 8000mAh điện thoại chính hãng giá rẻ,0.6676,0.7204,5.0,0,0.5,0
"POCO C85 | Pin khủng 6000mAh (typ) | Lên đến 22 giờ xem video | Màn hình lớn 6.9""sống động | Tốc độ làm mới cao lên đến 120Hz | Sạc nhanh 33W | Pin đạt 50% sau 31 phút sạc | Vi xử lý tám nhân mạnh mẽ | Camera kép AI 50MP sắc nét",SBERT,yes,4,iPhone 13 - Hàng Chính Hãng VN/A,0.5595,0.7095,4.89,6500,1.0,1
"POCO C85 | Pin khủng 6000mAh (typ) | Lên đến 22 giờ xem video | Màn hình lớn 6.9""sống động | Tốc độ làm mới cao lên đến 120Hz | Sạc nhanh 33W | Pin đạt 50% sau 31 phút sạc | Vi xử lý tám nhân mạnh mẽ | Camera kép AI 50MP sắc nét",SBERT,yes,5,"Điện thoại 0p_po A9 (2020) 8GB/256GB nguyên zin đẹp keng Full chức năng kèm ốp lưng, cường lực BH 06 tháng",0.6532,0.7062,5.0,12,0.5,0
"POCO C85 | Pin khủng 6000mAh (typ) | Lên đến 22 giờ xem video | Màn hình lớn 6.9""sống động | Tốc độ làm mới cao lên đến 120Hz | Sạc nhanh 33W | Pin đạt 50% sau 31 phút sạc | Vi xử lý tám nhân mạnh mẽ | Camera kép AI 50MP sắc nét",PhoBERT,no,1,"Xiaomi 15T | Thiết kế thân máy bo tròn thanh lịch | Màn hình 6.83"" bảo vệ mắt cùng tần số quét 120Hz | Xiaomi HyperAI | Sạc nhanh HyperCharge 67W | Pin bền bỉ 5500mAh (typ)",0.9302,1.0043,5.0,34,0.7,1
"POCO C85 | Pin khủng 6000mAh (typ) | Lên đến 22 giờ xem video | Màn hình lớn 6.9""sống động | Tốc độ làm mới cao lên đến 120Hz | Sạc nhanh 33W | Pin đạt 50% sau 31 phút sạc | Vi xử lý tám nhân mạnh mẽ | Camera kép AI 50MP sắc nét",PhoBERT,no,2,"Xiaomi 15T Pro | Ống kính tele Leica 5x Pro, Chụp ảnh Spotlight | Thiết kế thân máy bo tròn thanh lịch | Màn hình 6.83"" bảo vệ mắt cùng tần số quét 144Hz | Sạc nhanh HyperCharge: 90W có dây, 50W không dây | Xiaomi HyperAl",0.9243,0.9984,5.0,28,0.7,1
"POCO C85 | Pin khủng 6000mAh (typ) | Lên đến 22 giờ xem video | Màn hình lớn 6.9""sống động | Tốc độ làm mới cao lên đến 120Hz | Sạc nhanh 33W | Pin đạt 50% sau 31 phút sạc | Vi xử lý tám nhân mạnh mẽ | Camera kép AI 50MP sắc nét",PhoBERT,no,3,"[New] REDMI Pad 2 Pro 5G | Màn hình 12,1"" 2,5K siêu rõ nét | Hình ảnh mượt mà với tần số quét lên đến 120Hz | Pin 12.000mAh (typ) dung lượng lớn | Bộ xử lý 4nm tiên tiến với 5G",0.9221,0.9961,5.0,13,0.7,1
"POCO C85 | Pin khủng 6000mAh (typ) | Lên đến 22 giờ xem video | Màn hình lớn 6.9""sống động | Tốc độ làm mới cao lên đến 120Hz | Sạc nhanh 33W | Pin đạt 50% sau 31 phút sạc | Vi xử lý tám nhân mạnh mẽ | Camera kép AI 50MP sắc nét",PhoBERT,no,4,[ƯU ĐÃI MỞ BÁN] Điện thoại di động Tecno Camon 30S 8GB/256GB - Helio G100 | 5000mAh | Sạc nhanh 33W | Hàng chính hãng,0.9196,0.9724,5.0,0,0.5,0
"POCO C85 | Pin khủng 6000mAh (typ) | Lên đến 22 giờ xem video | Màn hình lớn 6.9""sống động | Tốc độ làm mới cao lên đến 120Hz | Sạc nhanh 33W | Pin đạt 50% sau 31 phút sạc | Vi xử lý tám nhân mạnh mẽ | Camera kép AI 50MP sắc nét",PhoBERT,no,5,[TV Mới] Xiaomi TV A Pro 55'' 2026 | Màn hình QLED 4K độ sáng cao với công nghệ làm mượt chuyển động | Tần số quét 120Hz khi bật chế độ Game Boost qua HDMI | Bề mặt kim loại bắt mắt với thiết kế khung viền siêu mỏng,0.9189,1.0024,4.82,141,0.8,1
"POCO C85 | Pin khủng 6000mAh (typ) | Lên đến 22 giờ xem video | Màn hình lớn 6.9""sống động | Tốc độ làm mới cao lên đến 120Hz | Sạc nhanh 33W | Pin đạt 50% sau 31 phút sạc | Vi xử lý tám nhân mạnh mẽ | Camera kép AI 50MP sắc nét",PhoBERT,yes,1,"Vòng đeo tay thông minh Xiaomi Smart Band 9 Active | Màn hình TFT 1,47'', tần số quét cao 60Hz | Thời lượng pin lên đến 18 ngày, khả năng chống nước 5ATM* | Theo dõi giấc ngủ và sức khỏe toàn diện nâng cấp*",0.9189,1.0064,4.89,436,0.8,1
"POCO C85 | Pin khủng 6000mAh (typ) | Lên đến 22 giờ xem video | Màn hình lớn 6.9""sống động | Tốc độ làm mới cao lên đến 120Hz | Sạc nhanh 33W | Pin đạt 50% sau 31 phút sạc | Vi xử lý tám nhân mạnh mẽ | Camera kép AI 50MP sắc nét",PhoBERT,yes,2,"Xiaomi 15T | Thiết kế thân máy bo tròn thanh lịch | Màn hình 6.83"" bảo vệ mắt cùng tần số quét 120Hz | Xiaomi HyperAI | Sạc nhanh HyperCharge 67W | Pin bền bỉ 5500mAh (typ)",0.9302,1.0043,5.0,34,0.7,1
"POCO C85 | Pin khủng 6000mAh (typ) | Lên đến 22 giờ xem video | Màn hình lớn 6.9""sống động | Tốc độ làm mới cao lên đến 120Hz | Sạc nhanh 33W | Pin đạt 50% sau 31 phút sạc | Vi xử lý tám nhân mạnh mẽ | Camera kép AI 50MP sắc nét",PhoBERT,yes,3,[TV Mới] Xiaomi TV A Pro 55'' 2026 | Màn hình QLED 4K độ sáng cao với công nghệ làm mượt chuyển động | Tần số quét 120Hz khi bật chế độ Game Boost qua HDMI | Bề mặt kim loại bắt mắt với thiết kế khung viền siêu mỏng,0.9189,1.0024,4.82,141,0.8,1
"POCO C85 | Pin khủng 6000mAh (typ) | Lên đến 22 giờ xem video | Màn hình lớn 6.9""sống động | Tốc độ làm mới cao lên đến 120Hz | Sạc nhanh 33W | Pin đạt 50% sau 31 phút sạc | Vi xử lý tám nhân mạnh mẽ | Camera kép AI 50MP sắc nét",PhoBERT,yes,4,Máy tính bảng Xiaomi Pad 7 (8+128GB | 8+256GB) | Màn hình 3.2K 144Hz siêu rõ nét | HyperAI | Vi xử lí Snapdragon® 7+ Gen 3 Mobile Platform,0.9098,0.9997,4.89,196,0.85,1
"POCO C85 | Pin khủng 6000mAh (typ) | Lên đến 22 giờ xem video | Màn hình lớn 6.9""sống động | Tốc độ làm mới cao lên đến 120Hz | Sạc nhanh 33W | Pin đạt 50% sau 31 phút sạc | Vi xử lý tám nhân mạnh mẽ | Camera kép AI 50MP sắc nét",PhoBERT,yes,5,Điện thoại thông minh POCO X8 PRO| Pin cực lớn 6500mAh(typ) sạc nhanh 100W| Màn hình AMOLED 1.5K 120Hz,0.9106,0.9995,4.94,406,0.8,1
"POCO C85 | Pin khủng 6000mAh (typ) | Lên đến 22 giờ xem video | Màn hình lớn 6.9""sống động | Tốc độ làm mới cao lên đến 120Hz | Sạc nhanh 33W | Pin đạt 50% sau 31 phút sạc | Vi xử lý tám nhân mạnh mẽ | Camera kép AI 50MP sắc nét",Hybrid-SBERT,no,1,Điện thoại thông minh POCO X8 PRO| Pin cực lớn 6500mAh(typ) sạc nhanh 100W| Màn hình AMOLED 1.5K 120Hz,0.9834,1.0723,4.94,406,0.8,1
"POCO C85 | Pin khủng 6000mAh (typ) | Lên đến 22 giờ xem video | Màn hình lớn 6.9""sống động | Tốc độ làm mới cao lên đến 120Hz | Sạc nhanh 33W | Pin đạt 50% sau 31 phút sạc | Vi xử lý tám nhân mạnh mẽ | Camera kép AI 50MP sắc nét",Hybrid-SBERT,no,2,Máy tính bảng Xiaomi Pad 8 (8+128GB|8+256GB)| Pin 9.200mAh (typ) siêu lớn| Màn hình 3.2K 144Hz siêu sắc nét| Vi xử lý Snapdragon 8s Gen 4,0.9239,1.0084,5.0,7,0.8,1
"POCO C85 | Pin khủng 6000mAh (typ) | Lên đến 22 giờ xem video | Màn hình lớn 6.9""sống động | Tốc độ làm mới cao lên đến 120Hz | Sạc nhanh 33W | Pin đạt 50% sau 31 phút sạc | Vi xử lý tám nhân mạnh mẽ | Camera kép AI 50MP sắc nét",Hybrid-SBERT,no,3,"[New] REDMI Pad 2 Pro 5G | Màn hình 12,1"" 2,5K siêu rõ nét | Hình ảnh mượt mà với tần số quét lên đến 120Hz | Pin 12.000mAh (typ) dung lượng lớn | Bộ xử lý 4nm tiên tiến với 5G",0.9239,0.9979,5.0,13,0.7,1
"POCO C85 | Pin khủng 6000mAh (typ) | Lên đến 22 giờ xem video | Màn hình lớn 6.9""sống động | Tốc độ làm mới cao lên đến 120Hz | Sạc nhanh 33W | Pin đạt 50% sau 31 phút sạc | Vi xử lý tám nhân mạnh mẽ | Camera kép AI 50MP sắc nét",Hybrid-SBERT,no,4,điện thoại VV Y.11 Ram 6/126GB Pin khủng 5000 mAh,0.8692,0.9278,5.0,69,0.55,0
"POCO C85 | Pin khủng 6000mAh (typ) | Lên đến 22 giờ xem video | Màn hình lớn 6.9""sống động | Tốc độ làm mới cao lên đến 120Hz | Sạc nhanh 33W | Pin đạt 50% sau 31 phút sạc | Vi xử lý tám nhân mạnh mẽ | Camera kép AI 50MP sắc nét",Hybrid-SBERT,no,5,Máy tính bảng Xiaomi Pad 7 (8+128GB | 8+256GB) | Màn hình 3.2K 144Hz siêu rõ nét | HyperAI | Vi xử lí Snapdragon® 7+ Gen 3 Mobile Platform,0.8688,0.9587,4.89,196,0.85,1
"POCO C85 | Pin khủng 6000mAh (typ) | Lên đến 22 giờ xem video | Màn hình lớn 6.9""sống động | Tốc độ làm mới cao lên đến 120Hz | Sạc nhanh 33W | Pin đạt 50% sau 31 phút sạc | Vi xử lý tám nhân mạnh mẽ | Camera kép AI 50MP sắc nét",Hybrid-SBERT,yes,1,Điện thoại thông minh POCO X8 PRO| Pin cực lớn 6500mAh(typ) sạc nhanh 100W| Màn hình AMOLED 1.5K 120Hz,0.9834,1.0723,4.94,406,0.8,1
"POCO C85 | Pin khủng 6000mAh (typ) | Lên đến 22 giờ xem video | Màn hình lớn 6.9""sống động | Tốc độ làm mới cao lên đến 120Hz | Sạc nhanh 33W | Pin đạt 50% sau 31 phút sạc | Vi xử lý tám nhân mạnh mẽ | Camera kép AI 50MP sắc nét",Hybrid-SBERT,yes,2,Máy tính bảng Xiaomi Pad 8 (8+128GB|8+256GB)| Pin 9.200mAh (typ) siêu lớn| Màn hình 3.2K 144Hz siêu sắc nét| Vi xử lý Snapdragon 8s Gen 4,0.9239,1.0084,5.0,7,0.8,1
"POCO C85 | Pin khủng 6000mAh (typ) | Lên đến 22 giờ xem video | Màn hình lớn 6.9""sống động | Tốc độ làm mới cao lên đến 120Hz | Sạc nhanh 33W | Pin đạt 50% sau 31 phút sạc | Vi xử lý tám nhân mạnh mẽ | Camera kép AI 50MP sắc nét",Hybrid-SBERT,yes,3,"[New] REDMI Pad 2 Pro 5G | Màn hình 12,1"" 2,5K siêu rõ nét | Hình ảnh mượt mà với tần số quét lên đến 120Hz | Pin 12.000mAh (typ) dung lượng lớn | Bộ xử lý 4nm tiên tiến với 5G",0.9239,0.9979,5.0,13,0.7,1
"POCO C85 | Pin khủng 6000mAh (typ) | Lên đến 22 giờ xem video | Màn hình lớn 6.9""sống động | Tốc độ làm mới cao lên đến 120Hz | Sạc nhanh 33W | Pin đạt 50% sau 31 phút sạc | Vi xử lý tám nhân mạnh mẽ | Camera kép AI 50MP sắc nét",Hybrid-SBERT,yes,4,Máy tính bảng Xiaomi Pad 7 (8+128GB | 8+256GB) | Màn hình 3.2K 144Hz siêu rõ nét | HyperAI | Vi xử lí Snapdragon® 7+ Gen 3 Mobile Platform,0.8688,0.9587,4.89,196,0.85,1
"POCO C85 | Pin khủng 6000mAh (typ) | Lên đến 22 giờ xem video | Màn hình lớn 6.9""sống động | Tốc độ làm mới cao lên đến 120Hz | Sạc nhanh 33W | Pin đạt 50% sau 31 phút sạc | Vi xử lý tám nhân mạnh mẽ | Camera kép AI 50MP sắc nét",Hybrid-SBERT,yes,5,Máy tính bảng Xiaomi Pad 8 Pro (8+128GB|8+256GB)| Pin 9.200mAh (typ) siêu lớn| Màn hình 3.2K 144Hz siêu sắc nét| Vi xử lý Snapdragon 8 Elite,0.8577,0.9316,5.0,0,0.7,1
"POCO C85 | Pin khủng 6000mAh (typ) | Lên đến 22 giờ xem video | Màn hình lớn 6.9""sống động | Tốc độ làm mới cao lên đến 120Hz | Sạc nhanh 33W | Pin đạt 50% sau 31 phút sạc | Vi xử lý tám nhân mạnh mẽ | Camera kép AI 50MP sắc nét",Hybrid-PhoBERT,no,1,"Xiaomi 15T | Thiết kế thân máy bo tròn thanh lịch | Màn hình 6.83"" bảo vệ mắt cùng tần số quét 120Hz | Xiaomi HyperAI | Sạc nhanh HyperCharge 67W | Pin bền bỉ 5500mAh (typ)",0.9255,0.9996,5.0,34,0.7,1
"POCO C85 | Pin khủng 6000mAh (typ) | Lên đến 22 giờ xem video | Màn hình lớn 6.9""sống động | Tốc độ làm mới cao lên đến 120Hz | Sạc nhanh 33W | Pin đạt 50% sau 31 phút sạc | Vi xử lý tám nhân mạnh mẽ | Camera kép AI 50MP sắc nét",Hybrid-PhoBERT,no,2,Điện thoại thông minh POCO X8 PRO| Pin cực lớn 6500mAh(typ) sạc nhanh 100W| Màn hình AMOLED 1.5K 120Hz,0.9255,1.0144,4.94,406,0.8,1
"POCO C85 | Pin khủng 6000mAh (typ) | Lên đến 22 giờ xem video | Màn hình lớn 6.9""sống động | Tốc độ làm mới cao lên đến 120Hz | Sạc nhanh 33W | Pin đạt 50% sau 31 phút sạc | Vi xử lý tám nhân mạnh mẽ | Camera kép AI 50MP sắc nét",Hybrid-PhoBERT,no,3,"[New] REDMI Pad 2 Pro 5G | Màn hình 12,1"" 2,5K siêu rõ nét | Hình ảnh mượt mà với tần số quét lên đến 120Hz | Pin 12.000mAh (typ) dung lượng lớn | Bộ xử lý 4nm tiên tiến với 5G",0.9161,0.9901,5.0,13,0.7,1
"POCO C85 | Pin khủng 6000mAh (typ) | Lên đến 22 giờ xem video | Màn hình lớn 6.9""sống động | Tốc độ làm mới cao lên đến 120Hz | Sạc nhanh 33W | Pin đạt 50% sau 31 phút sạc | Vi xử lý tám nhân mạnh mẽ | Camera kép AI 50MP sắc nét",Hybrid-PhoBERT,no,4,Máy tính bảng Xiaomi Pad 8 (8+128GB|8+256GB)| Pin 9.200mAh (typ) siêu lớn| Màn hình 3.2K 144Hz siêu sắc nét| Vi xử lý Snapdragon 8s Gen 4,0.9111,0.9956,5.0,7,0.8,1
"POCO C85 | Pin khủng 6000mAh (typ) | Lên đến 22 giờ xem video | Màn hình lớn 6.9""sống động | Tốc độ làm mới cao lên đến 120Hz | Sạc nhanh 33W | Pin đạt 50% sau 31 phút sạc | Vi xử lý tám nhân mạnh mẽ | Camera kép AI 50MP sắc nét",Hybrid-PhoBERT,no,5,Máy tính bảng Xiaomi Pad 7 (8+128GB | 8+256GB) | Màn hình 3.2K 144Hz siêu rõ nét | HyperAI | Vi xử lí Snapdragon® 7+ Gen 3 Mobile Platform,0.8971,0.987,4.89,196,0.85,1
"POCO C85 | Pin khủng 6000mAh (typ) | Lên đến 22 giờ xem video | Màn hình lớn 6.9""sống động | Tốc độ làm mới cao lên đến 120Hz | Sạc nhanh 33W | Pin đạt 50% sau 31 phút sạc | Vi xử lý tám nhân mạnh mẽ | Camera kép AI 50MP sắc nét",Hybrid-PhoBERT,yes,1,Điện thoại thông minh POCO X8 PRO| Pin cực lớn 6500mAh(typ) sạc nhanh 100W| Màn hình AMOLED 1.5K 120Hz,0.9255,1.0144,4.94,406,0.8,1
"POCO C85 | Pin khủng 6000mAh (typ) | Lên đến 22 giờ xem video | Màn hình lớn 6.9""sống động | Tốc độ làm mới cao lên đến 120Hz | Sạc nhanh 33W | Pin đạt 50% sau 31 phút sạc | Vi xử lý tám nhân mạnh mẽ | Camera kép AI 50MP sắc nét",Hybrid-PhoBERT,yes,2,"Xiaomi 15T | Thiết kế thân máy bo tròn thanh lịch | Màn hình 6.83"" bảo vệ mắt cùng tần số quét 120Hz | Xiaomi HyperAI | Sạc nhanh HyperCharge 67W | Pin bền bỉ 5500mAh (typ)",0.9255,0.9996,5.0,34,0.7,1
"POCO C85 | Pin khủng 6000mAh (typ) | Lên đến 22 giờ xem video | Màn hình lớn 6.9""sống động | Tốc độ làm mới cao lên đến 120Hz | Sạc nhanh 33W | Pin đạt 50% sau 31 phút sạc | Vi xử lý tám nhân mạnh mẽ | Camera kép AI 50MP sắc nét",Hybrid-PhoBERT,yes,3,Máy tính bảng Xiaomi Pad 8 (8+128GB|8+256GB)| Pin 9.200mAh (typ) siêu lớn| Màn hình 3.2K 144Hz siêu sắc nét| Vi xử lý Snapdragon 8s Gen 4,0.9111,0.9956,5.0,7,0.8,1
"POCO C85 | Pin khủng 6000mAh (typ) | Lên đến 22 giờ xem video | Màn hình lớn 6.9""sống động | Tốc độ làm mới cao lên đến 120Hz | Sạc nhanh 33W | Pin đạt 50% sau 31 phút sạc | Vi xử lý tám nhân mạnh mẽ | Camera kép AI 50MP sắc nét",Hybrid-PhoBERT,yes,4,"[New] REDMI Pad 2 Pro 5G | Màn hình 12,1"" 2,5K siêu rõ nét | Hình ảnh mượt mà với tần số quét lên đến 120Hz | Pin 12.000mAh (typ) dung lượng lớn | Bộ xử lý 4nm tiên tiến với 5G",0.9161,0.9901,5.0,13,0.7,1
"POCO C85 | Pin khủng 6000mAh (typ) | Lên đến 22 giờ xem video | Màn hình lớn 6.9""sống động | Tốc độ làm mới cao lên đến 120Hz | Sạc nhanh 33W | Pin đạt 50% sau 31 phút sạc | Vi xử lý tám nhân mạnh mẽ | Camera kép AI 50MP sắc nét",Hybrid-PhoBERT,yes,5,Máy tính bảng Xiaomi Pad 7 (8+128GB | 8+256GB) | Màn hình 3.2K 144Hz siêu rõ nét | HyperAI | Vi xử lí Snapdragon® 7+ Gen 3 Mobile Platform,0.8971,0.987,4.89,196,0.85,1
Điện thoại oppo neo5 _a31. Điện thoại gia rẻ HÀNG CHÍNH HÃNG đã qua sử dụng,TF-IDF,no,1,Điện thoại Apple iPhone 16 - Hàng Chính Hãng VN/A,0.2756,0.3699,4.93,883,0.85,1
Điện thoại oppo neo5 _a31. Điện thoại gia rẻ HÀNG CHÍNH HÃNG đã qua sử dụng,TF-IDF,no,2,điện thoại VV Y.11 Ram 6/126GB Pin khủng 5000 mAh,0.2716,0.3302,5.0,69,0.55,0
Điện thoại oppo neo5 _a31. Điện thoại gia rẻ HÀNG CHÍNH HÃNG đã qua sử dụng,TF-IDF,no,3,Điện thoại thông minh Xiaomi 15 Ultra (16+512GB) | Camera Leica | Ống kính tele 200MP | Xiaomi HyperAI,0.2666,0.3578,5.0,191,0.85,1
Điện thoại oppo neo5 _a31. Điện thoại gia rẻ HÀNG CHÍNH HÃNG đã qua sử dụng,TF-IDF,no,4,iPhone 13 - Hàng Chính Hãng VN/A,0.2624,0.4124,4.89,6500,1.0,1
Điện thoại oppo neo5 _a31. Điện thoại gia rẻ HÀNG CHÍNH HÃNG đã qua sử dụng,TF-IDF,no,5,Điện thoại di động HTC Wildfire E3 lite (4GB/64GB) - Chính hãng,0.2588,0.314,4.71,74,0.55,0
Điện thoại oppo neo5 _a31. Điện thoại gia rẻ HÀNG CHÍNH HÃNG đã qua sử dụng,TF-IDF,yes,1,iPhone 13 - Hàng Chính Hãng VN/A,0.2624,0.4124,4.89,6500,1.0,1
Điện thoại oppo neo5 _a31. Điện thoại gia rẻ HÀNG CHÍNH HÃNG đã qua sử dụng,TF-IDF,yes,2,MacBook Air 2020 13.3 inch M1- Hàng Chính Hãng SA/A,0.253,0.3763,4.85,3400,0.95,1
Điện thoại oppo neo5 _a31. Điện thoại gia rẻ HÀNG CHÍNH HÃNG đã qua sử dụng,TF-IDF,yes,3,Điện thoại Apple iPhone 16 - Hàng Chính Hãng VN/A,0.2756,0.3699,4.93,883,0.85,1
Điện thoại oppo neo5 _a31. Điện thoại gia rẻ HÀNG CHÍNH HÃNG đã qua sử dụng,TF-IDF,yes,4,"Điện thoại Samsung Galaxy A16 5G (4-128GB), màn hình Super AMOLED 6.7"", kháng bụi nước IP54, bền mượt 6 năm",0.2545,0.3583,4.92,3700,0.8,1
Điện thoại oppo neo5 _a31. Điện thoại gia rẻ HÀNG CHÍNH HÃNG đã qua sử dụng,TF-IDF,yes,5,Điện thoại thông minh Xiaomi 15 Ultra (16+512GB) | Camera Leica | Ống kính tele 200MP | Xiaomi HyperAI,0.2666,0.3578,5.0,191,0.85,1
Điện thoại oppo neo5 _a31. Điện thoại gia rẻ HÀNG CHÍNH HÃNG đã qua sử dụng,SBERT,no,1,Hanrui Shop Máy tính bảng Moocis M5 màn hình cong 5D 10inch,0.8581,0.9109,5.0,0,0.5,0
Điện thoại oppo neo5 _a31. Điện thoại gia rẻ HÀNG CHÍNH HÃNG đã qua sử dụng,SBERT,no,2,Điện thoại Vivo Y11 6GB/128GB nguyên zin đẹp keng BH 12 tháng,0.8327,0.8886,4.8,23,0.55,0
Điện thoại oppo neo5 _a31. Điện thoại gia rẻ HÀNG CHÍNH HÃNG đã qua sử dụng,SBERT,no,3,Điện thoại F11 (6/128gb) Đen,0.83,0.8828,5.0,0,0.5,0
Điện thoại oppo neo5 _a31. Điện thoại gia rẻ HÀNG CHÍNH HÃNG đã qua sử dụng,SBERT,no,4,Điện thoại 6s rất đẹp,0.8251,0.8779,5.0,0,0.5,0
Điện thoại oppo neo5 _a31. Điện thoại gia rẻ HÀNG CHÍNH HÃNG đã qua sử dụng,SBERT,no,5,"Điện thoại Samsung Galaxy Z Fold6, điện thoại AI, màn hình cực đại 7.6"", mỏng nhẹ",0.8164,0.8929,5.0,569,0.7,1
Điện thoại oppo neo5 _a31. Điện thoại gia rẻ HÀNG CHÍNH HÃNG đã qua sử dụng,SBERT,yes,1,Hanrui Shop Máy tính bảng Moocis M5 màn hình cong 5D 10inch,0.8581,0.9109,5.0,0,0.5,0
Điện thoại oppo neo5 _a31. Điện thoại gia rẻ HÀNG CHÍNH HÃNG đã qua sử dụng,SBERT,yes,2,"Điện thoại Samsung Galaxy S24 Ultra, Điện thoại AI, Camera 200MP, Màn hình lớn 6.8""",0.8052,0.9039,5.0,5400,0.7,1
Điện thoại oppo neo5 _a31. Điện thoại gia rẻ HÀNG CHÍNH HÃNG đã qua sử dụng,SBERT,yes,3,"Điện thoại Samsung Galaxy Z Fold6, điện thoại AI, màn hình cực đại 7.6"", mỏng nhẹ",0.8164,0.8929,5.0,569,0.7,1
Điện thoại oppo neo5 _a31. Điện thoại gia rẻ HÀNG CHÍNH HÃNG đã qua sử dụng,SBERT,yes,4,Điện thoại Vivo Y11 6GB/128GB nguyên zin đẹp keng BH 12 tháng,0.8327,0.8886,4.8,23,0.55,0
Điện thoại oppo neo5 _a31. Điện thoại gia rẻ HÀNG CHÍNH HÃNG đã qua sử dụng,SBERT,yes,5,Điện thoại F11 (6/128gb) Đen,0.83,0.8828,5.0,0,0.5,0
Điện thoại oppo neo5 _a31. Điện thoại gia rẻ HÀNG CHÍNH HÃNG đã qua sử dụng,PhoBERT,no,1,điện thoại VV Y.11 Ram 6/126GB Pin khủng 5000 mAh,0.9514,1.01,5.0,69,0.55,0
Điện thoại oppo neo5 _a31. Điện thoại gia rẻ HÀNG CHÍNH HÃNG đã qua sử dụng,PhoBERT,no,2,Điện thoại Apple iPhone 17 Pro Max - Hàng Chính Hãng ZP/A,0.9495,1.0651,4.95,2300,0.95,1
Điện thoại oppo neo5 _a31. Điện thoại gia rẻ HÀNG CHÍNH HÃNG đã qua sử dụng,PhoBERT,no,3,Đt siêu mượt Điện thoại cao cấp Vi xử lý 10 nhân Bán giá rẻ Cấu hình mạnh đỉnh điện thoại giá học sinh bản Quốc tế NEW 5G Phone,0.9488,1.0016,5.0,0,0.5,0
Điện thoại oppo neo5 _a31. Điện thoại gia rẻ HÀNG CHÍNH HÃNG đã qua sử dụng,PhoBERT,no,4,Điện thoại di động HTC Wildfire E3 lite (4GB/64GB) - Chính hãng,0.9482,1.0034,4.71,74,0.55,0
Điện thoại oppo neo5 _a31. Điện thoại gia rẻ HÀNG CHÍNH HÃNG đã qua sử dụng,PhoBERT,no,5,điện thoại giá rẽ 6.8inch Chính Hãng Android đt giá siêu rẻ Cấu Hình Mạnh Đỉnh điện thoại giá học sinh Pin trâu 6800mAh điện thoại cao cấp,0.9466,0.9994,5.0,0,0.5,0
Điện thoại oppo neo5 _a31. Điện thoại gia rẻ HÀNG CHÍNH HÃNG đã qua sử dụng,PhoBERT,yes,1,Điện thoại Apple iPhone 17 Pro Max - Hàng Chính Hãng ZP/A,0.9495,1.0651,4.95,2300,0.95,1
Điện thoại oppo neo5 _a31. Điện thoại gia rẻ HÀNG CHÍNH HÃNG đã qua sử dụng,PhoBERT,yes,2,"Điện thoại Samsung Galaxy A16 5G (4-128GB), màn hình Super AMOLED 6.7"", kháng bụi nước IP54, bền mượt 6 năm",0.9402,1.044,4.92,3700,0.8,1
Điện thoại oppo neo5 _a31. Điện thoại gia rẻ HÀNG CHÍNH HÃNG đã qua sử dụng,PhoBERT,yes,3,Điện thoại Apple iPhone 16 Plus - Hàng Chính Hãng VN/A,0.9401,1.0351,4.98,895,0.85,1
Điện thoại oppo neo5 _a31. Điện thoại gia rẻ HÀNG CHÍNH HÃNG đã qua sử dụng,PhoBERT,yes,4,Điện thoại thông minh Xiaomi 15 Ultra (16+512GB) | Camera Leica | Ống kính tele 200MP | Xiaomi HyperAI,0.9421,1.0333,5.0,191,0.85,1
Điện thoại oppo neo5 _a31. Điện thoại gia rẻ HÀNG CHÍNH HÃNG đã qua sử dụng,PhoBERT,yes,5,Điện thoại Apple iPhone 17 Pro - Hàng Chính Hãng ZP/A,0.9371,1.0168,4.69,733,0.75,1
Điện thoại oppo neo5 _a31. Điện thoại gia rẻ HÀNG CHÍNH HÃNG đã qua sử dụng,Hybrid-SBERT,no,1,Điện thoại F11 (6/128gb) Đen,0.9297,0.9825,5.0,0,0.5,0
Điện thoại oppo neo5 _a31. Điện thoại gia rẻ HÀNG CHÍNH HÃNG đã qua sử dụng,Hybrid-SBERT,no,2,Điện Thoại Thông Minh Giá Rẻ Samsung Galaxy J2 prime G532 Hỗ Trợ 4G Máy Cũ Tân Trang,0.8565,0.9029,4.4,98,0.5,0
Điện thoại oppo neo5 _a31. Điện thoại gia rẻ HÀNG CHÍNH HÃNG đã qua sử dụng,Hybrid-SBERT,no,3,điện thoại VV Y.11 Ram 6/126GB Pin khủng 5000 mAh,0.8426,0.9012,5.0,69,0.55,0
Điện thoại oppo neo5 _a31. Điện thoại gia rẻ HÀNG CHÍNH HÃNG đã qua sử dụng,Hybrid-SBERT,no,4,Điện thoại Apple iPhone 17 - Hàng Chính Hãng ZP/A,0.8051,0.8911,4.92,364,0.8,1
Điện thoại oppo neo5 _a31. Điện thoại gia rẻ HÀNG CHÍNH HÃNG đã qua sử dụng,Hybrid-SBERT,no,5,Điện thoại 6s rất đẹp,0.8023,0.8551,5.0,0,0.5,0
Điện thoại oppo neo5 _a31. Điện thoại gia rẻ HÀNG CHÍNH HÃNG đã qua sử dụng,Hybrid-SBERT,yes,1,Điện thoại F11 (6/128gb) Đen,0.9297,0.9825,5.0,0,0.5,0
Điện thoại oppo neo5 _a31. Điện thoại gia rẻ HÀNG CHÍNH HÃNG đã qua sử dụng,Hybrid-SBERT,yes,2,Điện Thoại Thông Minh Giá Rẻ Samsung Galaxy J2 prime G532 Hỗ Trợ 4G Máy Cũ Tân Trang,0.8565,0.9029,4.4,98,0.5,0
Điện thoại oppo neo5 _a31. Điện thoại gia rẻ HÀNG CHÍNH HÃNG đã qua sử dụng,Hybrid-SBERT,yes,3,điện thoại VV Y.11 Ram 6/126GB Pin khủng 5000 mAh,0.8426,0.9012,5.0,69,0.55,0
Điện thoại oppo neo5 _a31. Điện thoại gia rẻ HÀNG CHÍNH HÃNG đã qua sử dụng,Hybrid-SBERT,yes,4,Điện thoại Apple iPhone 17 - Hàng Chính Hãng ZP/A,0.8051,0.8911,4.92,364,0.8,1
Điện thoại oppo neo5 _a31. Điện thoại gia rẻ HÀNG CHÍNH HÃNG đã qua sử dụng,Hybrid-SBERT,yes,5,Điện thoại 6s rất đẹp,0.8023,0.8551,5.0,0,0.5,0
Điện thoại oppo neo5 _a31. Điện thoại gia rẻ HÀNG CHÍNH HÃNG đã qua sử dụng,Hybrid-PhoBERT,no,1,điện thoại VV Y.11 Ram 6/126GB Pin khủng 5000 mAh,0.9753,1.0339,5.0,69,0.55,0
Điện thoại oppo neo5 _a31. Điện thoại gia rẻ HÀNG CHÍNH HÃNG đã qua sử dụng,Hybrid-PhoBERT,no,2,Điện thoại di động HTC Wildfire E3 lite (4GB/64GB) - Chính hãng,0.9293,0.9845,4.71,74,0.55,0
Điện thoại oppo neo5 _a31. Điện thoại gia rẻ HÀNG CHÍNH HÃNG đã qua sử dụng,Hybrid-PhoBERT,no,3,Điện thoại thông minh Xiaomi 15 Ultra (16+512GB) | Camera Leica | Ống kính tele 200MP | Xiaomi HyperAI,0.8797,0.9709,5.0,191,0.85,1
Điện thoại oppo neo5 _a31. Điện thoại gia rẻ HÀNG CHÍNH HÃNG đã qua sử dụng,Hybrid-PhoBERT,no,4,Điện Thoại Thông Minh Giá Rẻ Samsung Galaxy J2 prime G532 Hỗ Trợ 4G Máy Cũ Tân Trang,0.8565,0.9029,4.4,98,0.5,0
Điện thoại oppo neo5 _a31. Điện thoại gia rẻ HÀNG CHÍNH HÃNG đã qua sử dụng,Hybrid-PhoBERT,no,5,Điện thoại Apple iPhone 17 Pro Max - Hàng Chính Hãng ZP/A,0.8339,0.9495,4.95,2300,0.95,1
Điện thoại oppo neo5 _a31. Điện thoại gia rẻ HÀNG CHÍNH HÃNG đã qua sử dụng,Hybrid-PhoBERT,yes,1,điện thoại VV Y.11 Ram 6/126GB Pin khủng 5000 mAh,0.9753,1.0339,5.0,69,0.55,0
Điện thoại oppo neo5 _a31. Điện thoại gia rẻ HÀNG CHÍNH HÃNG đã qua sử dụng,Hybrid-PhoBERT,yes,2,Điện thoại di động HTC Wildfire E3 lite (4GB/64GB) - Chính hãng,0.9293,0.9845,4.71,74,0.55,0
Điện thoại oppo neo5 _a31. Điện thoại gia rẻ HÀNG CHÍNH HÃNG đã qua sử dụng,Hybrid-PhoBERT,yes,3,Điện thoại thông minh Xiaomi 15 Ultra (16+512GB) | Camera Leica | Ống kính tele 200MP | Xiaomi HyperAI,0.8797,0.9709,5.0,191,0.85,1
Điện thoại oppo neo5 _a31. Điện thoại gia rẻ HÀNG CHÍNH HÃNG đã qua sử dụng,Hybrid-PhoBERT,yes,4,Điện thoại Apple iPhone 17 Pro Max - Hàng Chính Hãng ZP/A,0.8339,0.9495,4.95,2300,0.95,1
Điện thoại oppo neo5 _a31. Điện thoại gia rẻ HÀNG CHÍNH HÃNG đã qua sử dụng,Hybrid-PhoBERT,yes,5,"Điện thoại Samsung Galaxy A16 5G (4-128GB), màn hình Super AMOLED 6.7"", kháng bụi nước IP54, bền mượt 6 năm",0.8229,0.9267,4.92,3700,0.8,1
Máy tính bảng HUAWEI MatePad 11.5 | 6GB+128GB | Màn Hình HUAWEI FullView 120 Hz | Bàn Phím Rời | Ứng Dụng Văn Phòng WPS 2.0 Chuẩn PC,TF-IDF,no,1,Apple iPhone 16 128GB - Chính Hãng (VN/A),0.2572,0.3311,5.0,0,0.7,1
Máy tính bảng HUAWEI MatePad 11.5 | 6GB+128GB | Màn Hình HUAWEI FullView 120 Hz | Bàn Phím Rời | Ứng Dụng Văn Phòng WPS 2.0 Chuẩn PC,TF-IDF,no,2,Apple iPhone 16 Plus 128GB - Chính Hãng (VN/A),0.2542,0.3281,5.0,0,0.7,1
Máy tính bảng HUAWEI MatePad 11.5 | 6GB+128GB | Màn Hình HUAWEI FullView 120 Hz | Bàn Phím Rời | Ứng Dụng Văn Phòng WPS 2.0 Chuẩn PC,TF-IDF,no,3,Điện thoại vivo Y04 (6GB+128GB) - Hàng Chính Hãng - 1 Đổi 1 Tháng Đầu Tiên - Bảo Hành 12 Tháng,0.2463,0.3202,5.0,0,0.7,1
Máy tính bảng HUAWEI MatePad 11.5 | 6GB+128GB | Màn Hình HUAWEI FullView 120 Hz | Bàn Phím Rời | Ứng Dụng Văn Phòng WPS 2.0 Chuẩn PC,TF-IDF,no,4,Apple iPhone 16 Pro 128GB - Chính Hãng (VN/A),0.2456,0.3195,5.0,0,0.7,1
Máy tính bảng HUAWEI MatePad 11.5 | 6GB+128GB | Màn Hình HUAWEI FullView 120 Hz | Bàn Phím Rời | Ứng Dụng Văn Phòng WPS 2.0 Chuẩn PC,TF-IDF,no,5,Điện Thoại Di Động Masstel Fami 60S 4G,0.2441,0.2969,5.0,0,0.5,0
Máy tính bảng HUAWEI MatePad 11.5 | 6GB+128GB | Màn Hình HUAWEI FullView 120 Hz | Bàn Phím Rời | Ứng Dụng Văn Phòng WPS 2.0 Chuẩn PC,TF-IDF,yes,1,Apple iPhone 16 128GB - Chính Hãng (VN/A),0.2572,0.3311,5.0,0,0.7,1
Máy tính bảng HUAWEI MatePad 11.5 | 6GB+128GB | Màn Hình HUAWEI FullView 120 Hz | Bàn Phím Rời | Ứng Dụng Văn Phòng WPS 2.0 Chuẩn PC,TF-IDF,yes,2,Apple iPhone 16 Plus 128GB - Chính Hãng (VN/A),0.2542,0.3281,5.0,0,0.7,1
Máy tính bảng HUAWEI MatePad 11.5 | 6GB+128GB | Màn Hình HUAWEI FullView 120 Hz | Bàn Phím Rời | Ứng Dụng Văn Phòng WPS 2.0 Chuẩn PC,TF-IDF,yes,3,Điện thoại vivo Y04 (6GB+128GB) - Hàng Chính Hãng - 1 Đổi 1 Tháng Đầu Tiên - Bảo Hành 12 Tháng,0.2463,0.3202,5.0,0,0.7,1
Máy tính bảng HUAWEI MatePad 11.5 | 6GB+128GB | Màn Hình HUAWEI FullView 120 Hz | Bàn Phím Rời | Ứng Dụng Văn Phòng WPS 2.0 Chuẩn PC,TF-IDF,yes,4,Apple iPhone 16 Pro 128GB - Chính Hãng (VN/A),0.2456,0.3195,5.0,0,0.7,1
Máy tính bảng HUAWEI MatePad 11.5 | 6GB+128GB | Màn Hình HUAWEI FullView 120 Hz | Bàn Phím Rời | Ứng Dụng Văn Phòng WPS 2.0 Chuẩn PC,TF-IDF,yes,5,[MỚI] Điện thoại vivo Y19s (4GB+128GB) - 1 Đổi 1 trong tháng đầu tiên - Bảo hành chính hãng 12 tháng,0.2387,0.3126,5.0,0,0.7,1
Máy tính bảng HUAWEI MatePad 11.5 | 6GB+128GB | Màn Hình HUAWEI FullView 120 Hz | Bàn Phím Rời | Ứng Dụng Văn Phòng WPS 2.0 Chuẩn PC,SBERT,no,1,Máy tính bảng Xiaomi Pad 7 (8+128GB | 8+256GB) | Màn hình 3.2K 144Hz siêu rõ nét | HyperAI | Vi xử lí Snapdragon® 7+ Gen 3 Mobile Platform,0.8271,0.917,4.89,196,0.85,1
Máy tính bảng HUAWEI MatePad 11.5 | 6GB+128GB | Màn Hình HUAWEI FullView 120 Hz | Bàn Phím Rời | Ứng Dụng Văn Phòng WPS 2.0 Chuẩn PC,SBERT,no,2,Máy tính bảng Xiaomi Pad 8 (8+128GB|8+256GB)| Pin 9.200mAh (typ) siêu lớn| Màn hình 3.2K 144Hz siêu sắc nét| Vi xử lý Snapdragon 8s Gen 4,0.7782,0.8627,5.0,7,0.8,1
Máy tính bảng HUAWEI MatePad 11.5 | 6GB+128GB | Màn Hình HUAWEI FullView 120 Hz | Bàn Phím Rời | Ứng Dụng Văn Phòng WPS 2.0 Chuẩn PC,SBERT,no,3,Máy tính bảng Xiaomi Pad 8 Pro (8+128GB|8+256GB)| Pin 9.200mAh (typ) siêu lớn| Màn hình 3.2K 144Hz siêu sắc nét| Vi xử lý Snapdragon 8 Elite,0.7586,0.8325,5.0,0,0.7,1
Máy tính bảng HUAWEI MatePad 11.5 | 6GB+128GB | Màn Hình HUAWEI FullView 120 Hz | Bàn Phím Rời | Ứng Dụng Văn Phòng WPS 2.0 Chuẩn PC,SBERT,no,4,"Máy tính bảng P70 12 inch RAM 16GB ROM 1TB Android 13 15000mAh 24MP 48MP camera HD, Snapdragon 888, tần số quét cao 60Hz, hỗ trợ 4/5G, WiFi, Bluetooth, GPS và các tính năng khác, máy tính bảng giá rẻ, học tập, văn phòng, xem phim, chơi game.",0.7454,0.7983,5.0,18,0.5,0
Máy tính bảng HUAWEI MatePad 11.5 | 6GB+128GB | Màn Hình HUAWEI FullView 120 Hz | Bàn Phím Rời | Ứng Dụng Văn Phòng WPS 2.0 Chuẩn PC,SBERT,no,5,Điện thoại Xiaomi Mi 11 Lite 5G Rom Quốc tế tiếng Việt - Snapdragon 780G ram 8G 128G MSMS,0.7444,0.7912,4.74,93,0.45,0
Máy tính bảng HUAWEI MatePad 11.5 | 6GB+128GB | Màn Hình HUAWEI FullView 120 Hz | Bàn Phím Rời | Ứng Dụng Văn Phòng WPS 2.0 Chuẩn PC,SBERT,yes,1,Máy tính bảng Xiaomi Pad 7 (8+128GB | 8+256GB) | Màn hình 3.2K 144Hz siêu rõ nét | HyperAI | Vi xử lí Snapdragon® 7+ Gen 3 Mobile Platform,0.8271,0.917,4.89,196,0.85,1
Máy tính bảng HUAWEI MatePad 11.5 | 6GB+128GB | Màn Hình HUAWEI FullView 120 Hz | Bàn Phím Rời | Ứng Dụng Văn Phòng WPS 2.0 Chuẩn PC,SBERT,yes,2,Máy tính bảng Xiaomi Pad 8 (8+128GB|8+256GB)| Pin 9.200mAh (typ) siêu lớn| Màn hình 3.2K 144Hz siêu sắc nét| Vi xử lý Snapdragon 8s Gen 4,0.7782,0.8627,5.0,7,0.8,1
Máy tính bảng HUAWEI MatePad 11.5 | 6GB+128GB | Màn Hình HUAWEI FullView 120 Hz | Bàn Phím Rời | Ứng Dụng Văn Phòng WPS 2.0 Chuẩn PC,SBERT,yes,3,Máy tính bảng Xiaomi Pad 8 Pro (8+128GB|8+256GB)| Pin 9.200mAh (typ) siêu lớn| Màn hình 3.2K 144Hz siêu sắc nét| Vi xử lý Snapdragon 8 Elite,0.7586,0.8325,5.0,0,0.7,1
Máy tính bảng HUAWEI MatePad 11.5 | 6GB+128GB | Màn Hình HUAWEI FullView 120 Hz | Bàn Phím Rời | Ứng Dụng Văn Phòng WPS 2.0 Chuẩn PC,SBERT,yes,4,"Máy tính bảng P70 12 inch RAM 16GB ROM 1TB Android 13 15000mAh 24MP 48MP camera HD, Snapdragon 888, tần số quét cao 60Hz, hỗ trợ 4/5G, WiFi, Bluetooth, GPS và các tính năng khác, máy tính bảng giá rẻ, học tập, văn phòng, xem phim, chơi game.",0.7454,0.7983,5.0,18,0.5,0
Máy tính bảng HUAWEI MatePad 11.5 | 6GB+128GB | Màn Hình HUAWEI FullView 120 Hz | Bàn Phím Rời | Ứng Dụng Văn Phòng WPS 2.0 Chuẩn PC,SBERT,yes,5,UODEGA Tap P70 Tablet với màn hình 12 inch Android13 Full HD Hỗ trợ SIM kép Dung lượng cực lớn 16GB+1TB 15000mAh COD Ultra High Camera 48PM Máy tính bảng đa chức năng 🔥 Mua 1 tặng 6 🔥,0.7404,0.7934,5.0,51,0.5,0
Máy tính bảng HUAWEI MatePad 11.5 | 6GB+128GB | Màn Hình HUAWEI FullView 120 Hz | Bàn Phím Rời | Ứng Dụng Văn Phòng WPS 2.0 Chuẩn PC,PhoBERT,no,1,Máy tính bảng Xiaomi Pad 7 (8+128GB | 8+256GB) | Màn hình 3.2K 144Hz siêu rõ nét | HyperAI | Vi xử lí Snapdragon® 7+ Gen 3 Mobile Platform,0.9485,1.0384,4.89,196,0.85,1
Máy tính bảng HUAWEI MatePad 11.5 | 6GB+128GB | Màn Hình HUAWEI FullView 120 Hz | Bàn Phím Rời | Ứng Dụng Văn Phòng WPS 2.0 Chuẩn PC,PhoBERT,no,2,Máy tính bảng REDMI Pad SE 8.7 Wifi (4+64G | 4+128GB | 6+128G ) | LCD 90Hz | MediaTek Helio G85 8 | Pin 6650mAh,0.9447,1.0376,4.91,489,0.85,1
Máy tính bảng HUAWEI MatePad 11.5 | 6GB+128GB | Màn Hình HUAWEI FullView 120 Hz | Bàn Phím Rời | Ứng Dụng Văn Phòng WPS 2.0 Chuẩn PC,PhoBERT,no,3,"Màn hình máy tính Xiaomi Gaming Monitor G24i | Tám điểm nhấn vượt trội | Màn hình IPS LCD phản hồi nhanh | Chất lượng hình ảnh 1080P rõ nét | GTG 1ms Phản hồi nhanh, độ trễ thấp",0.9435,1.0174,5.0,0,0.7,1
Máy tính bảng HUAWEI MatePad 11.5 | 6GB+128GB | Màn Hình HUAWEI FullView 120 Hz | Bàn Phím Rời | Ứng Dụng Văn Phòng WPS 2.0 Chuẩn PC,PhoBERT,no,4,Laptop Asus Vivobook 14 OLED A1405VA-KM257W (Intel Core i5-13500H | 16GB | 512GB | Intel Iris Xe | 14 inch 2.8K OLED) - Hàng Chính Hãng,0.9362,0.989,5.0,0,0.5,0
Máy tính bảng HUAWEI MatePad 11.5 | 6GB+128GB | Màn Hình HUAWEI FullView 120 Hz | Bàn Phím Rời | Ứng Dụng Văn Phòng WPS 2.0 Chuẩn PC,PhoBERT,no,5,S24 Ultra 2024 Điện Thoại Di Động Mới 5G Thông Minh Android 12GB+512G 7.5inch Màn Hình Đầy Đủ Màn Hình Hd SIM+SD Hỗ Trợ Bluetooth WiFi GPS 6800mah,0.9329,0.9858,5.0,10,0.5,0
Máy tính bảng HUAWEI MatePad 11.5 | 6GB+128GB | Màn Hình HUAWEI FullView 120 Hz | Bàn Phím Rời | Ứng Dụng Văn Phòng WPS 2.0 Chuẩn PC,PhoBERT,yes,1,Máy tính bảng Xiaomi Pad 7 (8+128GB | 8+256GB) | Màn hình 3.2K 144Hz siêu rõ nét | HyperAI | Vi xử lí Snapdragon® 7+ Gen 3 Mobile Platform,0.9485,1.0384,4.89,196,0.85,1
Máy tính bảng HUAWEI MatePad 11.5 | 6GB+128GB | Màn Hình HUAWEI FullView 120 Hz | Bàn Phím Rời | Ứng Dụng Văn Phòng WPS 2.0 Chuẩn PC,PhoBERT,yes,2,Máy tính bảng REDMI Pad SE 8.7 Wifi (4+64G | 4+128GB | 6+128G ) | LCD 90Hz | MediaTek Helio G85 8 | Pin 6650mAh,0.9447,1.0376,4.91,489,0.85,1
Máy tính bảng HUAWEI MatePad 11.5 | 6GB+128GB | Màn Hình HUAWEI FullView 120 Hz | Bàn Phím Rời | Ứng Dụng Văn Phòng WPS 2.0 Chuẩn PC,PhoBERT,yes,3,"Màn hình máy tính Xiaomi Gaming Monitor G24i | Tám điểm nhấn vượt trội | Màn hình IPS LCD phản hồi nhanh | Chất lượng hình ảnh 1080P rõ nét | GTG 1ms Phản hồi nhanh, độ trễ thấp",0.9435,1.0174,5.0,0,0.7,1
Máy tính bảng HUAWEI MatePad 11.5 | 6GB+128GB | Màn Hình HUAWEI FullView 120 Hz | Bàn Phím Rời | Ứng Dụng Văn Phòng WPS 2.0 Chuẩn PC,PhoBERT,yes,4,Máy tính bảng Xiaomi Pad 8 (8+128GB|8+256GB)| Pin 9.200mAh (typ) siêu lớn| Màn hình 3.2K 144Hz siêu sắc nét| Vi xử lý Snapdragon 8s Gen 4,0.9325,1.017,5.0,7,0.8,1
Máy tính bảng HUAWEI MatePad 11.5 | 6GB+128GB | Màn Hình HUAWEI FullView 120 Hz | Bàn Phím Rời | Ứng Dụng Văn Phòng WPS 2.0 Chuẩn PC,PhoBERT,yes,5,Điện thoại thông minh POCO X8 PRO| Pin cực lớn 6500mAh(typ) sạc nhanh 100W| Màn hình AMOLED 1.5K 120Hz,0.9234,1.0123,4.94,406,0.8,1
Máy tính bảng HUAWEI MatePad 11.5 | 6GB+128GB | Màn Hình HUAWEI FullView 120 Hz | Bàn Phím Rời | Ứng Dụng Văn Phòng WPS 2.0 Chuẩn PC,Hybrid-SBERT,no,1,Máy tính bảng Xiaomi Pad 8 Pro (8+128GB|8+256GB)| Pin 9.200mAh (typ) siêu lớn| Màn hình 3.2K 144Hz siêu sắc nét| Vi xử lý Snapdragon 8 Elite,0.9033,0.9772,5.0,0,0.7,1
Máy tính bảng HUAWEI MatePad 11.5 | 6GB+128GB | Màn Hình HUAWEI FullView 120 Hz | Bàn Phím Rời | Ứng Dụng Văn Phòng WPS 2.0 Chuẩn PC,Hybrid-SBERT,no,2,Máy tính bảng Xiaomi Pad 8 (8+128GB|8+256GB)| Pin 9.200mAh (typ) siêu lớn| Màn hình 3.2K 144Hz siêu sắc nét| Vi xử lý Snapdragon 8s Gen 4,0.8517,0.9362,5.0,7,0.8,1
Máy tính bảng HUAWEI MatePad 11.5 | 6GB+128GB | Màn Hình HUAWEI FullView 120 Hz | Bàn Phím Rời | Ứng Dụng Văn Phòng WPS 2.0 Chuẩn PC,Hybrid-SBERT,no,3,Máy tính bảng Xiaomi Pad 7 (8+128GB | 8+256GB) | Màn hình 3.2K 144Hz siêu rõ nét | HyperAI | Vi xử lí Snapdragon® 7+ Gen 3 Mobile Platform,0.7498,0.8397,4.89,196,0.85,1
Máy tính bảng HUAWEI MatePad 11.5 | 6GB+128GB | Màn Hình HUAWEI FullView 120 Hz | Bàn Phím Rời | Ứng Dụng Văn Phòng WPS 2.0 Chuẩn PC,Hybrid-SBERT,no,4,"Xiaomi 15T | Thiết kế thân máy bo tròn thanh lịch | Màn hình 6.83"" bảo vệ mắt cùng tần số quét 120Hz | Xiaomi HyperAI | Sạc nhanh HyperCharge 67W | Pin bền bỉ 5500mAh (typ)",0.6609,0.735,5.0,34,0.7,1
Máy tính bảng HUAWEI MatePad 11.5 | 6GB+128GB | Màn Hình HUAWEI FullView 120 Hz | Bàn Phím Rời | Ứng Dụng Văn Phòng WPS 2.0 Chuẩn PC,Hybrid-SBERT,no,5,"Máy tính bảng P70 12 inch RAM 16GB ROM 1TB Android 13 15000mAh 24MP 48MP camera HD, Snapdragon 888, tần số quét cao 60Hz, hỗ trợ 4/5G, WiFi, Bluetooth, GPS và các tính năng khác, máy tính bảng giá rẻ, học tập, văn phòng, xem phim, chơi game.",0.6297,0.6826,5.0,18,0.5,0
Máy tính bảng HUAWEI MatePad 11.5 | 6GB+128GB | Màn Hình HUAWEI FullView 120 Hz | Bàn Phím Rời | Ứng Dụng Văn Phòng WPS 2.0 Chuẩn PC,Hybrid-SBERT,yes,1,Máy tính bảng Xiaomi Pad 8 Pro (8+128GB|8+256GB)| Pin 9.200mAh (typ) siêu lớn| Màn hình 3.2K 144Hz siêu sắc nét| Vi xử lý Snapdragon 8 Elite,0.9033,0.9772,5.0,0,0.7,1
Máy tính bảng HUAWEI MatePad 11.5 | 6GB+128GB | Màn Hình HUAWEI FullView 120 Hz | Bàn Phím Rời | Ứng Dụng Văn Phòng WPS 2.0 Chuẩn PC,Hybrid-SBERT,yes,2,Máy tính bảng Xiaomi Pad 8 (8+128GB|8+256GB)| Pin 9.200mAh (typ) siêu lớn| Màn hình 3.2K 144Hz siêu sắc nét| Vi xử lý Snapdragon 8s Gen 4,0.8517,0.9362,5.0,7,0.8,1
Máy tính bảng HUAWEI MatePad 11.5 | 6GB+128GB | Màn Hình HUAWEI FullView 120 Hz | Bàn Phím Rời | Ứng Dụng Văn Phòng WPS 2.0 Chuẩn PC,Hybrid-SBERT,yes,3,Máy tính bảng Xiaomi Pad 7 (8+128GB | 8+256GB) | Màn hình 3.2K 144Hz siêu rõ nét | HyperAI | Vi xử lí Snapdragon® 7+ Gen 3 Mobile Platform,0.7498,0.8397,4.89,196,0.85,1
Máy tính bảng HUAWEI MatePad 11.5 | 6GB+128GB | Màn Hình HUAWEI FullView 120 Hz | Bàn Phím Rời | Ứng Dụng Văn Phòng WPS 2.0 Chuẩn PC,Hybrid-SBERT,yes,4,"Xiaomi 15T | Thiết kế thân máy bo tròn thanh lịch | Màn hình 6.83"" bảo vệ mắt cùng tần số quét 120Hz | Xiaomi HyperAI | Sạc nhanh HyperCharge 67W | Pin bền bỉ 5500mAh (typ)",0.6609,0.735,5.0,34,0.7,1
Máy tính bảng HUAWEI MatePad 11.5 | 6GB+128GB | Màn Hình HUAWEI FullView 120 Hz | Bàn Phím Rời | Ứng Dụng Văn Phòng WPS 2.0 Chuẩn PC,Hybrid-SBERT,yes,5,"Máy tính bảng P70 12 inch RAM 16GB ROM 1TB Android 13 15000mAh 24MP 48MP camera HD, Snapdragon 888, tần số quét cao 60Hz, hỗ trợ 4/5G, WiFi, Bluetooth, GPS và các tính năng khác, máy tính bảng giá rẻ, học tập, văn phòng, xem phim, chơi game.",0.6297,0.6826,5.0,18,0.5,0
Máy tính bảng HUAWEI MatePad 11.5 | 6GB+128GB | Màn Hình HUAWEI FullView 120 Hz | Bàn Phím Rời | Ứng Dụng Văn Phòng WPS 2.0 Chuẩn PC,Hybrid-PhoBERT,no,1,Máy tính bảng Xiaomi Pad 8 Pro (8+128GB|8+256GB)| Pin 9.200mAh (typ) siêu lớn| Màn hình 3.2K 144Hz siêu sắc nét| Vi xử lý Snapdragon 8 Elite,0.8677,0.9416,5.0,0,0.7,1
Máy tính bảng HUAWEI MatePad 11.5 | 6GB+128GB | Màn Hình HUAWEI FullView 120 Hz | Bàn Phím Rời | Ứng Dụng Văn Phòng WPS 2.0 Chuẩn PC,Hybrid-PhoBERT,no,2,Điện thoại vivo Y04 (6GB+128GB) - Hàng Chính Hãng - 1 Đổi 1 Tháng Đầu Tiên - Bảo Hành 12 Tháng,0.8486,0.9225,5.0,0,0.7,1
Máy tính bảng HUAWEI MatePad 11.5 | 6GB+128GB | Màn Hình HUAWEI FullView 120 Hz | Bàn Phím Rời | Ứng Dụng Văn Phòng WPS 2.0 Chuẩn PC,Hybrid-PhoBERT,no,3,Apple iPhone 16 Pro 128GB - Chính Hãng (VN/A),0.8272,0.9011,5.0,0,0.7,1
Máy tính bảng HUAWEI MatePad 11.5 | 6GB+128GB | Màn Hình HUAWEI FullView 120 Hz | Bàn Phím Rời | Ứng Dụng Văn Phòng WPS 2.0 Chuẩn PC,Hybrid-PhoBERT,no,4,Máy tính bảng Xiaomi Pad 8 (8+128GB|8+256GB)| Pin 9.200mAh (typ) siêu lớn| Màn hình 3.2K 144Hz siêu sắc nét| Vi xử lý Snapdragon 8s Gen 4,0.8219,0.9064,5.0,7,0.8,1
Máy tính bảng HUAWEI MatePad 11.5 | 6GB+128GB | Màn Hình HUAWEI FullView 120 Hz | Bàn Phím Rời | Ứng Dụng Văn Phòng WPS 2.0 Chuẩn PC,Hybrid-PhoBERT,no,5,Apple iPhone 16 Plus 128GB - Chính Hãng (VN/A),0.8216,0.8955,5.0,0,0.7,1
Máy tính bảng HUAWEI MatePad 11.5 | 6GB+128GB | Màn Hình HUAWEI FullView 120 Hz | Bàn Phím Rời | Ứng Dụng Văn Phòng WPS 2.0 Chuẩn PC,Hybrid-PhoBERT,yes,1,Máy tính bảng Xiaomi Pad 8 Pro (8+128GB|8+256GB)| Pin 9.200mAh (typ) siêu lớn| Màn hình 3.2K 144Hz siêu sắc nét| Vi xử lý Snapdragon 8 Elite,0.8677,0.9416,5.0,0,0.7,1
Máy tính bảng HUAWEI MatePad 11.5 | 6GB+128GB | Màn Hình HUAWEI FullView 120 Hz | Bàn Phím Rời | Ứng Dụng Văn Phòng WPS 2.0 Chuẩn PC,Hybrid-PhoBERT,yes,2,Điện thoại vivo Y04 (6GB+128GB) - Hàng Chính Hãng - 1 Đổi 1 Tháng Đầu Tiên - Bảo Hành 12 Tháng,0.8486,0.9225,5.0,0,0.7,1
Máy tính bảng HUAWEI MatePad 11.5 | 6GB+128GB | Màn Hình HUAWEI FullView 120 Hz | Bàn Phím Rời | Ứng Dụng Văn Phòng WPS 2.0 Chuẩn PC,Hybrid-PhoBERT,yes,3,Máy tính bảng Xiaomi Pad 8 (8+128GB|8+256GB)| Pin 9.200mAh (typ) siêu lớn| Màn hình 3.2K 144Hz siêu sắc nét| Vi xử lý Snapdragon 8s Gen 4,0.8219,0.9064,5.0,7,0.8,1
Máy tính bảng HUAWEI MatePad 11.5 | 6GB+128GB | Màn Hình HUAWEI FullView 120 Hz | Bàn Phím Rời | Ứng Dụng Văn Phòng WPS 2.0 Chuẩn PC,Hybrid-PhoBERT,yes,4,Apple iPhone 16 Pro 128GB - Chính Hãng (VN/A),0.8272,0.9011,5.0,0,0.7,1
Máy tính bảng HUAWEI MatePad 11.5 | 6GB+128GB | Màn Hình HUAWEI FullView 120 Hz | Bàn Phím Rời | Ứng Dụng Văn Phòng WPS 2.0 Chuẩn PC,Hybrid-PhoBERT,yes,5,Apple iPhone 16 Plus 128GB - Chính Hãng (VN/A),0.8216,0.8955,5.0,0,0.7,1
điện thoại VV Y.11 Ram 6/126GB Pin khủng 5000 mAh,TF-IDF,no,1,điện thoại V.V Y.93 Ram 6/128GB 2sim Pin trâu 4030 mAh,0.3098,0.3627,5.0,26,0.5,0
điện thoại VV Y.11 Ram 6/126GB Pin khủng 5000 mAh,TF-IDF,no,2,"Điện thoại 4G giá rẻ Samsung Galaxy A51 2sim ram 6G/128G, Cấu hình Cao Chiến mọi Game mượt, Chụp ảnh đẹp, BSN",0.2739,0.3384,5.0,33,0.6,0
điện thoại VV Y.11 Ram 6/126GB Pin khủng 5000 mAh,TF-IDF,no,3,Điện thoại oppo neo5 _a31. Điện thoại gia rẻ HÀNG CHÍNH HÃNG đã qua sử dụng,0.2716,0.3302,4.88,202,0.55,0
điện thoại VV Y.11 Ram 6/126GB Pin khủng 5000 mAh,TF-IDF,no,4,"Điện thoại 5G giá rẻ Samsung Galaxy S10 5G 2sim ram 8G/256G, Cấu hình Cao Chiến mọi Game mượt, Chụp ảnh đẹp, BSM",0.2651,0.3027,4.49,69,0.4,0
điện thoại VV Y.11 Ram 6/126GB Pin khủng 5000 mAh,TF-IDF,no,5,"điện thoại 4G Samsung Galaxy Note 9 ram 6G/128G Chính Hãng, Chiến Game mượt, Chụp ảnh siêu đẹp -CMMF",0.264,0.3222,4.91,50,0.55,0
điện thoại VV Y.11 Ram 6/126GB Pin khủng 5000 mAh,TF-IDF,yes,1,iPhone 13 - Hàng Chính Hãng VN/A,0.2449,0.3949,4.89,6500,1.0,1
điện thoại VV Y.11 Ram 6/126GB Pin khủng 5000 mAh,TF-IDF,yes,2,điện thoại V.V Y.93 Ram 6/128GB 2sim Pin trâu 4030 mAh,0.3098,0.3627,5.0,26,0.5,0
điện thoại VV Y.11 Ram 6/126GB Pin khủng 5000 mAh,TF-IDF,yes,3,"Điện thoại Samsung Galaxy S25 Ultra (256GB | 512GB), Điện thoại AI, Tìm kiếm thông minh, Video camera đêm Nightography, S Pen đa nhiệm",0.2307,0.3541,4.93,5600,0.85,1
điện thoại VV Y.11 Ram 6/126GB Pin khủng 5000 mAh,TF-IDF,yes,4,MacBook Air 2020 13.3 inch M1- Hàng Chính Hãng SA/A,0.2278,0.3511,4.85,3400,0.95,1
điện thoại VV Y.11 Ram 6/126GB Pin khủng 5000 mAh,TF-IDF,yes,5,"Điện thoại Samsung Galaxy A26 5G (8/128GB), Mặt lưng kính, AI-Circle to Search, Camera HDR chụp đêm sáng rõ",0.2351,0.3493,4.95,5100,0.8,1
điện thoại VV Y.11 Ram 6/126GB Pin khủng 5000 mAh,SBERT,no,1,điện thoại V.V Y.93 Ram 6/128GB 2sim Pin trâu 4030 mAh,0.9159,0.9688,5.0,26,0.5,0
điện thoại VV Y.11 Ram 6/126GB Pin khủng 5000 mAh,SBERT,no,2,[HCM]Điện thoại LG G7 thinq cpu snap 845 ram 4gb bộ nhớ 64gb,0.8649,0.9201,4.75,0,0.55,0
điện thoại VV Y.11 Ram 6/126GB Pin khủng 5000 mAh,SBERT,no,3,điện thoại sony xperia 1 mark II 2 sim snap 865 ram 8gb 128gb 6.5 inch,0.8488,0.9016,5.0,9,0.5,0
điện thoại VV Y.11 Ram 6/126GB Pin khủng 5000 mAh,SBERT,no,4,Điện thoại Y16 Ram 4G bộ nhớ 128GB Pin 5000 mAh máy chính hãng tặng kèm 1 ốp lưng,0.8308,0.8836,5.0,0,0.5,0
điện thoại VV Y.11 Ram 6/126GB Pin khủng 5000 mAh,SBERT,no,5,"Điện thoại Cảm ứng Op A3 s 2sim Ram 6G/128G, màn 6.2inch,Camera siêu nét, Cày game.BẢO HÀNH 12 THÁNG",0.7944,0.8473,5.0,19,0.5,0
điện thoại VV Y.11 Ram 6/126GB Pin khủng 5000 mAh,SBERT,yes,1,điện thoại V.V Y.93 Ram 6/128GB 2sim Pin trâu 4030 mAh,0.9159,0.9688,5.0,26,0.5,0
điện thoại VV Y.11 Ram 6/126GB Pin khủng 5000 mAh,SBERT,yes,2,[HCM]Điện thoại LG G7 thinq cpu snap 845 ram 4gb bộ nhớ 64gb,0.8649,0.9201,4.75,0,0.55,0
điện thoại VV Y.11 Ram 6/126GB Pin khủng 5000 mAh,SBERT,yes,3,điện thoại sony xperia 1 mark II 2 sim snap 865 ram 8gb 128gb 6.5 inch,0.8488,0.9016,5.0,9,0.5,0
điện thoại VV Y.11 Ram 6/126GB Pin khủng 5000 mAh,SBERT,yes,4,Điện thoại Y16 Ram 4G bộ nhớ 128GB Pin 5000 mAh máy chính hãng tặng kèm 1 ốp lưng,0.8308,0.8836,5.0,0,0.5,0
điện thoại VV Y.11 Ram 6/126GB Pin khủng 5000 mAh,SBERT,yes,5,"Điện thoại Cảm ứng Op A3 s 2sim Ram 6G/128G, màn 6.2inch,Camera siêu nét, Cày game.BẢO HÀNH 12 THÁNG",0.7944,0.8473,5.0,19,0.5,0
điện thoại VV Y.11 Ram 6/126GB Pin khủng 5000 mAh,PhoBERT,no,1,Điện thoại Vivo Y11 6GB/128GB nguyên zin đẹp keng BH 12 tháng,0.9578,1.0137,4.8,23,0.55,0
điện thoại VV Y.11 Ram 6/126GB Pin khủng 5000 mAh,PhoBERT,no,2,Điện thoại Xiaomi Mi 11 Lite 5G Rom Quốc tế tiếng Việt - Snapdragon 780G ram 8G 128G MSMS,0.9563,1.0031,4.74,93,0.45,0
điện thoại VV Y.11 Ram 6/126GB Pin khủng 5000 mAh,PhoBERT,no,3,Điện thoại di động HTC Wildfire E3 lite (4GB/64GB) - Chính hãng,0.9542,1.0094,4.71,74,0.55,0
điện thoại VV Y.11 Ram 6/126GB Pin khủng 5000 mAh,PhoBERT,no,4,Điện thoại Smartphone ZTE A35 Sieu Re RAM 4GB ROM 64GB -4G - MH 6.75inch- Pin 5000mAh,0.9522,1.0051,5.0,18,0.5,0
điện thoại VV Y.11 Ram 6/126GB Pin khủng 5000 mAh,PhoBERT,no,5,"Điện thoại s.s A10 máy 2sim ram 2G/32G Chính Hãng, bảo hành 12 tháng tặng kèo sạc ốp",0.9518,1.0208,5.0,35,0.65,0
điện thoại VV Y.11 Ram 6/126GB Pin khủng 5000 mAh,PhoBERT,yes,1,iPhone 13 - Hàng Chính Hãng VN/A,0.9404,1.0904,4.89,6500,1.0,1
điện thoại VV Y.11 Ram 6/126GB Pin khủng 5000 mAh,PhoBERT,yes,2,Điện thoại Apple iPhone 17 Pro Max - Hàng Chính Hãng ZP/A,0.9483,1.0639,4.95,2300,0.95,1
điện thoại VV Y.11 Ram 6/126GB Pin khủng 5000 mAh,PhoBERT,yes,3,MacBook Air 2020 13.3 inch M1- Hàng Chính Hãng SA/A,0.9395,1.0628,4.85,3400,0.95,1
điện thoại VV Y.11 Ram 6/126GB Pin khủng 5000 mAh,PhoBERT,yes,4,"Điện thoại Samsung Galaxy A16 5G (4-128GB), màn hình Super AMOLED 6.7"", kháng bụi nước IP54, bền mượt 6 năm",0.9417,1.0455,4.92,3700,0.8,1
điện thoại VV Y.11 Ram 6/126GB Pin khủng 5000 mAh,PhoBERT,yes,5,Điện thoại Apple iPhone 16 - Hàng Chính Hãng VN/A,0.9486,1.0429,4.93,883,0.85,1
điện thoại VV Y.11 Ram 6/126GB Pin khủng 5000 mAh,Hybrid-SBERT,no,1,điện thoại V.V Y.93 Ram 6/128GB 2sim Pin trâu 4030 mAh,0.9834,1.0363,5.0,26,0.5,0
điện thoại VV Y.11 Ram 6/126GB Pin khủng 5000 mAh,Hybrid-SBERT,no,2,Điện thoại oppo neo5 _a31. Điện thoại gia rẻ HÀNG CHÍNH HÃNG đã qua sử dụng,0.8535,0.9122,4.88,202,0.55,0
điện thoại VV Y.11 Ram 6/126GB Pin khủng 5000 mAh,Hybrid-SBERT,no,3,Điện thoại Xiaomi Mi 11 Lite 5G Rom Quốc tế tiếng Việt - Snapdragon 780G ram 8G 128G MSMS,0.8441,0.8909,4.74,93,0.45,0
điện thoại VV Y.11 Ram 6/126GB Pin khủng 5000 mAh,Hybrid-SBERT,no,4,Điện thoại Y16 Ram 4G bộ nhớ 128GB Pin 5000 mAh máy chính hãng tặng kèm 1 ốp lưng,0.8317,0.8845,5.0,0,0.5,0
điện thoại VV Y.11 Ram 6/126GB Pin khủng 5000 mAh,Hybrid-SBERT,no,5,Điện thoại Vivo Y11 6GB/128GB nguyên zin đẹp keng BH 12 tháng,0.784,0.8399,4.8,23,0.55,0
điện thoại VV Y.11 Ram 6/126GB Pin khủng 5000 mAh,Hybrid-SBERT,yes,1,điện thoại V.V Y.93 Ram 6/128GB 2sim Pin trâu 4030 mAh,0.9834,1.0363,5.0,26,0.5,0
điện thoại VV Y.11 Ram 6/126GB Pin khủng 5000 mAh,Hybrid-SBERT,yes,2,Điện thoại oppo neo5 _a31. Điện thoại gia rẻ HÀNG CHÍNH HÃNG đã qua sử dụng,0.8535,0.9122,4.88,202,0.55,0
điện thoại VV Y.11 Ram 6/126GB Pin khủng 5000 mAh,Hybrid-SBERT,yes,3,Điện thoại Xiaomi Mi 11 Lite 5G Rom Quốc tế tiếng Việt - Snapdragon 780G ram 8G 128G MSMS,0.8441,0.8909,4.74,93,0.45,0
điện thoại VV Y.11 Ram 6/126GB Pin khủng 5000 mAh,Hybrid-SBERT,yes,4,Điện thoại Y16 Ram 4G bộ nhớ 128GB Pin 5000 mAh máy chính hãng tặng kèm 1 ốp lưng,0.8317,0.8845,5.0,0,0.5,0
điện thoại VV Y.11 Ram 6/126GB Pin khủng 5000 mAh,Hybrid-SBERT,yes,5,Điện thoại Vivo Y11 6GB/128GB nguyên zin đẹp keng BH 12 tháng,0.784,0.8399,4.8,23,0.55,0
điện thoại VV Y.11 Ram 6/126GB Pin khủng 5000 mAh,Hybrid-PhoBERT,no,1,Điện thoại oppo neo5 _a31. Điện thoại gia rẻ HÀNG CHÍNH HÃNG đã qua sử dụng,0.9297,0.9884,4.88,202,0.55,0
điện thoại VV Y.11 Ram 6/126GB Pin khủng 5000 mAh,Hybrid-PhoBERT,no,2,Điện thoại Xiaomi Mi 11 Lite 5G Rom Quốc tế tiếng Việt - Snapdragon 780G ram 8G 128G MSMS,0.9239,0.9707,4.74,93,0.45,0
điện thoại VV Y.11 Ram 6/126GB Pin khủng 5000 mAh,Hybrid-PhoBERT,no,3,Điện thoại di động HTC Wildfire E3 lite (4GB/64GB) - Chính hãng,0.9228,0.978,4.71,74,0.55,0
điện thoại VV Y.11 Ram 6/126GB Pin khủng 5000 mAh,Hybrid-PhoBERT,no,4,điện thoại V.V Y.93 Ram 6/128GB 2sim Pin trâu 4030 mAh,0.913,0.9659,5.0,26,0.5,0
điện thoại VV Y.11 Ram 6/126GB Pin khủng 5000 mAh,Hybrid-PhoBERT,no,5,"Điện thoại s.s A10 máy 2sim ram 2G/32G Chính Hãng, bảo hành 12 tháng tặng kèo sạc ốp",0.8884,0.9574,5.0,35,0.65,0
điện thoại VV Y.11 Ram 6/126GB Pin khủng 5000 mAh,Hybrid-PhoBERT,yes,1,Điện thoại oppo neo5 _a31. Điện thoại gia rẻ HÀNG CHÍNH HÃNG đã qua sử dụng,0.9297,0.9884,4.88,202,0.55,0
điện thoại VV Y.11 Ram 6/126GB Pin khủng 5000 mAh,Hybrid-PhoBERT,yes,2,Điện thoại di động HTC Wildfire E3 lite (4GB/64GB) - Chính hãng,0.9228,0.978,4.71,74,0.55,0
điện thoại VV Y.11 Ram 6/126GB Pin khủng 5000 mAh,Hybrid-PhoBERT,yes,3,Điện thoại Xiaomi Mi 11 Lite 5G Rom Quốc tế tiếng Việt - Snapdragon 780G ram 8G 128G MSMS,0.9239,0.9707,4.74,93,0.45,0
điện thoại VV Y.11 Ram 6/126GB Pin khủng 5000 mAh,Hybrid-PhoBERT,yes,4,điện thoại V.V Y.93 Ram 6/128GB 2sim Pin trâu 4030 mAh,0.913,0.9659,5.0,26,0.5,0
điện thoại VV Y.11 Ram 6/126GB Pin khủng 5000 mAh,Hybrid-PhoBERT,yes,5,"Điện thoại s.s A10 máy 2sim ram 2G/32G Chính Hãng, bảo hành 12 tháng tặng kèo sạc ốp",0.8884,0.9574,5.0,35,0.65,0
Laptop mini Lenovo Miix 320 310 210 D330 D335 window 10 lai máy tính bảng ổ cứng SSD màn hình cảm ứng cực mượt,TF-IDF,no,1,[Trả góp 0%]Dell Latitide E6430 Core i7 2620M 8G SSD 128GB 14inch GIÁ RẺ,0.2283,0.2865,5.0,11,0.55,0
Laptop mini Lenovo Miix 320 310 210 D330 D335 window 10 lai máy tính bảng ổ cứng SSD màn hình cảm ứng cực mượt,TF-IDF,no,2,"Máy tính bảng Fujitsu Arrows Tab Q738 Core i5-8350U, 8gb ram, 256gb SSD, 13.3” Full HD IPS cảm ứng đa điểm",0.2274,0.2805,5.0,41,0.5,0
Laptop mini Lenovo Miix 320 310 210 D330 D335 window 10 lai máy tính bảng ổ cứng SSD màn hình cảm ứng cực mượt,TF-IDF,no,3,"Laptop 2020/mới 95-96% Dell Latitude 5300 i5 8265U vPro/ 8GB/ 256GB SSD/ 13.3"" / Win 10Pro/ Pin3-5h",0.2229,0.2812,4.94,114,0.55,0
Laptop mini Lenovo Miix 320 310 210 D330 D335 window 10 lai máy tính bảng ổ cứng SSD màn hình cảm ứng cực mượt,TF-IDF,no,4,"Máy tính bảng Fujitsu Q508 Atom X7-z8750, 4gb ram, 128gb SSD, 10.1” Full HD cảm ứng",0.2226,0.2813,5.0,53,0.55,0
Laptop mini Lenovo Miix 320 310 210 D330 D335 window 10 lai máy tính bảng ổ cứng SSD màn hình cảm ứng cực mượt,TF-IDF,no,5,IDEA-CASE | Máy Tính Bảng 2 Trong 1 H3 Windows 10 Màn Hình 8 Inch,0.2209,0.2791,5.0,0,0.55,0
Laptop mini Lenovo Miix 320 310 210 D330 D335 window 10 lai máy tính bảng ổ cứng SSD màn hình cảm ứng cực mượt,TF-IDF,yes,1,[Trả góp 0%]Dell Latitide E6430 Core i7 2620M 8G SSD 128GB 14inch GIÁ RẺ,0.2283,0.2865,5.0,11,0.55,0
Laptop mini Lenovo Miix 320 310 210 D330 D335 window 10 lai máy tính bảng ổ cứng SSD màn hình cảm ứng cực mượt,TF-IDF,yes,2,"Máy tính bảng Fujitsu Q508 Atom X7-z8750, 4gb ram, 128gb SSD, 10.1” Full HD cảm ứng",0.2226,0.2813,5.0,53,0.55,0
Laptop mini Lenovo Miix 320 310 210 D330 D335 window 10 lai máy tính bảng ổ cứng SSD màn hình cảm ứng cực mượt,TF-IDF,yes,3,"Laptop 2020/mới 95-96% Dell Latitude 5300 i5 8265U vPro/ 8GB/ 256GB SSD/ 13.3"" / Win 10Pro/ Pin3-5h",0.2229,0.2812,4.94,114,0.55,0
Laptop mini Lenovo Miix 320 310 210 D330 D335 window 10 lai máy tính bảng ổ cứng SSD màn hình cảm ứng cực mượt,TF-IDF,yes,4,"Máy tính bảng Fujitsu Arrows Tab Q738 Core i5-8350U, 8gb ram, 256gb SSD, 13.3” Full HD IPS cảm ứng đa điểm",0.2274,0.2805,5.0,41,0.5,0
Laptop mini Lenovo Miix 320 310 210 D330 D335 window 10 lai máy tính bảng ổ cứng SSD màn hình cảm ứng cực mượt,TF-IDF,yes,5,IDEA-CASE | Máy Tính Bảng 2 Trong 1 H3 Windows 10 Màn Hình 8 Inch,0.2209,0.2791,5.0,0,0.55,0
Laptop mini Lenovo Miix 320 310 210 D330 D335 window 10 lai máy tính bảng ổ cứng SSD màn hình cảm ứng cực mượt,SBERT,no,1,Laptop cũ giá rẻ core i3 i5 ram 4gb 8gb,0.8399,0.8927,5.0,0,0.5,0
Laptop mini Lenovo Miix 320 310 210 D330 D335 window 10 lai máy tính bảng ổ cứng SSD màn hình cảm ứng cực mượt,SBERT,no,2,"Laptop HP 830g5, core i5 gen 8, ram 8gb, ssd 256gb, màn hình 13.3 inch fhd",0.8236,0.8764,5.0,0,0.5,0
Laptop mini Lenovo Miix 320 310 210 D330 D335 window 10 lai máy tính bảng ổ cứng SSD màn hình cảm ứng cực mượt,SBERT,no,3,Laptop văn phòng chiến game nhẹ tốt giá rẻ đời cao,0.8227,0.8293,2.0,0,0.4,0
Laptop mini Lenovo Miix 320 310 210 D330 D335 window 10 lai máy tính bảng ổ cứng SSD màn hình cảm ứng cực mượt,SBERT,no,4,"Laptop Dell Latitude 7390, E7390 màn hình 13.3 Full HD cảm ứng cao cấp, Core i7, Ram 8gb, ổ cứng SSD 256gb, laptop siêu lướt cao cấp zin 99%",0.816,0.8688,5.0,5,0.5,0
Laptop mini Lenovo Miix 320 310 210 D330 D335 window 10 lai máy tính bảng ổ cứng SSD màn hình cảm ứng cực mượt,SBERT,no,5,"Laptop HP Elipbook 8570P Core i7-3540M, 16gb Ram, 256gb SSD, 15.6inch Full HD vỏ nhôm siêu bền",0.8119,0.8588,4.5,5,0.5,0
Laptop mini Lenovo Miix 320 310 210 D330 D335 window 10 lai máy tính bảng ổ cứng SSD màn hình cảm ứng cực mượt,SBERT,yes,1,Laptop cũ giá rẻ core i3 i5 ram 4gb 8gb,0.8399,0.8927,5.0,0,0.5,0
Laptop mini Lenovo Miix 320 310 210 D330 D335 window 10 lai máy tính bảng ổ cứng SSD màn hình cảm ứng cực mượt,SBERT,yes,2,"Laptop HP 830g5, core i5 gen 8, ram 8gb, ssd 256gb, màn hình 13.3 inch fhd",0.8236,0.8764,5.0,0,0.5,0
Laptop mini Lenovo Miix 320 310 210 D330 D335 window 10 lai máy tính bảng ổ cứng SSD màn hình cảm ứng cực mượt,SBERT,yes,3,"Laptop Dell Latitude 7390, E7390 màn hình 13.3 Full HD cảm ứng cao cấp, Core i7, Ram 8gb, ổ cứng SSD 256gb, laptop siêu lướt cao cấp zin 99%",0.816,0.8688,5.0,5,0.5,0
Laptop mini Lenovo Miix 320 310 210 D330 D335 window 10 lai máy tính bảng ổ cứng SSD màn hình cảm ứng cực mượt,SBERT,yes,4,"Laptop Asus VivoBook S Flip 14 TP3402 Core i7-12700H, 24gb Ram, 1tb SSD NVME, màn 14inch Full HD cảm ứng gập 360 độ",0.8057,0.8638,5.0,8,0.55,0
Laptop mini Lenovo Miix 320 310 210 D330 D335 window 10 lai máy tính bảng ổ cứng SSD màn hình cảm ứng cực mượt,SBERT,yes,5,"Laptop Nec VersaPro VK17 Core i7-4500U, 4gb Ram, 128gb SSD 13.3inch 2K HD IPS vỏ nhôm magie siêu mỏng nhẹ 800gram",0.8088,0.8611,4.5,16,0.55,0
Laptop mini Lenovo Miix 320 310 210 D330 D335 window 10 lai máy tính bảng ổ cứng SSD màn hình cảm ứng cực mượt,PhoBERT,no,1,Laptop 15.6 inch HP Probook 450 G5 - Intel Core i5-7200U Ram 8gb SSD 256 Pin>4h,0.9491,1.0021,5.0,35,0.5,0
Laptop mini Lenovo Miix 320 310 210 D330 D335 window 10 lai máy tính bảng ổ cứng SSD màn hình cảm ứng cực mượt,PhoBERT,no,2,Laptop HP 4730S i5/HDD1000G/8G Hàng Nhập Khẩu Japan Giá sinh viên full box sự lựa chọn thông minh,0.9451,0.9979,5.0,0,0.5,0
Laptop mini Lenovo Miix 320 310 210 D330 D335 window 10 lai máy tính bảng ổ cứng SSD màn hình cảm ứng cực mượt,PhoBERT,no,3,[Trả góp 0%]Dell Latitide E6430 Core i7 2620M 8G SSD 128GB 14inch GIÁ RẺ,0.9446,1.0028,5.0,11,0.55,0
Laptop mini Lenovo Miix 320 310 210 D330 D335 window 10 lai máy tính bảng ổ cứng SSD màn hình cảm ứng cực mượt,PhoBERT,no,4,"Laptop Nec VersaPro VK17 Core i7-4500U, 4gb Ram, 128gb SSD 13.3inch 2K HD IPS vỏ nhôm magie siêu mỏng nhẹ 800gram",0.9428,0.9951,4.5,16,0.55,0
Laptop mini Lenovo Miix 320 310 210 D330 D335 window 10 lai máy tính bảng ổ cứng SSD màn hình cảm ứng cực mượt,PhoBERT,no,5,"Laptop nhập khẩu mỹ Asus B53E Core i5, ram 6GB, 256GB SSD, cấu hình cao chơi game ổn",0.9402,0.993,5.0,0,0.5,0
Laptop mini Lenovo Miix 320 310 210 D330 D335 window 10 lai máy tính bảng ổ cứng SSD màn hình cảm ứng cực mượt,PhoBERT,yes,1,Điện thoại Apple iPhone 17 Pro Max - Hàng Chính Hãng ZP/A,0.9278,1.0434,4.95,2300,0.95,1
Laptop mini Lenovo Miix 320 310 210 D330 D335 window 10 lai máy tính bảng ổ cứng SSD màn hình cảm ứng cực mượt,PhoBERT,yes,2,Máy tính bảng Apple iPad 11 (A16) WiFi - Hàng Chính Hãng ZA/A,0.9344,1.0263,4.78,721,0.85,1
Laptop mini Lenovo Miix 320 310 210 D330 D335 window 10 lai máy tính bảng ổ cứng SSD màn hình cảm ứng cực mượt,PhoBERT,yes,3,Máy tính bảng Apple iPad Air M2 13 inch Wifi - Hàng chính hãng ZA/A,0.9356,1.0103,5.0,141,0.7,1
Laptop mini Lenovo Miix 320 310 210 D330 D335 window 10 lai máy tính bảng ổ cứng SSD màn hình cảm ứng cực mượt,PhoBERT,yes,4,Máy tính bảng Apple iPad Pro M4 13 inch Wifi+ Cellular (Mặt kính tiêu chuẩn) - Hàng chính hãng VN/A,0.9285,1.0028,5.0,91,0.7,1
Laptop mini Lenovo Miix 320 310 210 D330 D335 window 10 lai máy tính bảng ổ cứng SSD màn hình cảm ứng cực mượt,PhoBERT,yes,5,[Trả góp 0%]Dell Latitide E6430 Core i7 2620M 8G SSD 128GB 14inch GIÁ RẺ,0.9446,1.0028,5.0,11,0.55,0
Laptop mini Lenovo Miix 320 310 210 D330 D335 window 10 lai máy tính bảng ổ cứng SSD màn hình cảm ứng cực mượt,Hybrid-SBERT,no,1,Laptop cũ giá rẻ core i3 i5 ram 4gb 8gb,0.932,0.9848,5.0,0,0.5,0
Laptop mini Lenovo Miix 320 310 210 D330 D335 window 10 lai máy tính bảng ổ cứng SSD màn hình cảm ứng cực mượt,Hybrid-SBERT,no,2,"Máy tính bảng Fujitsu Q508 Atom X7-z8750, 4gb ram, 128gb SSD, 10.1” Full HD cảm ứng",0.8896,0.9483,5.0,53,0.55,0
Laptop mini Lenovo Miix 320 310 210 D330 D335 window 10 lai máy tính bảng ổ cứng SSD màn hình cảm ứng cực mượt,Hybrid-SBERT,no,3,"Laptop Nec VersaPro VK17 Core i7-4500U, 4gb Ram, 128gb SSD 13.3inch 2K HD IPS vỏ nhôm magie siêu mỏng nhẹ 800gram",0.8752,0.9275,4.5,16,0.55,0
Laptop mini Lenovo Miix 320 310 210 D330 D335 window 10 lai máy tính bảng ổ cứng SSD màn hình cảm ứng cực mượt,Hybrid-SBERT,no,4,Laptop văn phòng chiến game nhẹ tốt giá rẻ đời cao,0.8348,0.8414,2.0,0,0.4,0
Laptop mini Lenovo Miix 320 310 210 D330 D335 window 10 lai máy tính bảng ổ cứng SSD màn hình cảm ứng cực mượt,Hybrid-SBERT,no,5,"Máy tính xách tay Lenovo Thinkpad E15 G2 Core i7-1165G7, 16gb ram, 512gb SSD, màn 15.6” Full HD vỏ nhôm cao cấp hàng nhập Nhật Bản",0.8219,0.8747,5.0,0,0.5,0
Laptop mini Lenovo Miix 320 310 210 D330 D335 window 10 lai máy tính bảng ổ cứng SSD màn hình cảm ứng cực mượt,Hybrid-SBERT,yes,1,Laptop cũ giá rẻ core i3 i5 ram 4gb 8gb,0.932,0.9848,5.0,0,0.5,0
Laptop mini Lenovo Miix 320 310 210 D330 D335 window 10 lai máy tính bảng ổ cứng SSD màn hình cảm ứng cực mượt,Hybrid-SBERT,yes,2,"Máy tính bảng Fujitsu Q508 Atom X7-z8750, 4gb ram, 128gb SSD, 10.1” Full HD cảm ứng",0.8896,0.9483,5.0,53,0.55,0
Laptop mini Lenovo Miix 320 310 210 D330 D335 window 10 lai máy tính bảng ổ cứng SSD màn hình cảm ứng cực mượt,Hybrid-SBERT,yes,3,"Laptop Nec VersaPro VK17 Core i7-4500U, 4gb Ram, 128gb SSD 13.3inch 2K HD IPS vỏ nhôm magie siêu mỏng nhẹ 800gram",0.8752,0.9275,4.5,16,0.55,0
Laptop mini Lenovo Miix 320 310 210 D330 D335 window 10 lai máy tính bảng ổ cứng SSD màn hình cảm ứng cực mượt,Hybrid-SBERT,yes,4,"Máy tính xách tay Lenovo Thinkpad E15 G2 Core i7-1165G7, 16gb ram, 512gb SSD, màn 15.6” Full HD vỏ nhôm cao cấp hàng nhập Nhật Bản",0.8219,0.8747,5.0,0,0.5,0
Laptop mini Lenovo Miix 320 310 210 D330 D335 window 10 lai máy tính bảng ổ cứng SSD màn hình cảm ứng cực mượt,Hybrid-SBERT,yes,5,"Laptop HP Elipbook 8570P Core i7-3540M, 16gb Ram, 256gb SSD, 15.6inch Full HD vỏ nhôm siêu bền",0.807,0.8539,4.5,5,0.5,0
Laptop mini Lenovo Miix 320 310 210 D330 D335 window 10 lai máy tính bảng ổ cứng SSD màn hình cảm ứng cực mượt,Hybrid-PhoBERT,no,1,[Trả góp 0%]Dell Latitide E6430 Core i7 2620M 8G SSD 128GB 14inch GIÁ RẺ,0.9675,1.0257,5.0,11,0.55,0
Laptop mini Lenovo Miix 320 310 210 D330 D335 window 10 lai máy tính bảng ổ cứng SSD màn hình cảm ứng cực mượt,Hybrid-PhoBERT,no,2,"Laptop Nec VersaPro VK17 Core i7-4500U, 4gb Ram, 128gb SSD 13.3inch 2K HD IPS vỏ nhôm magie siêu mỏng nhẹ 800gram",0.8896,0.9419,4.5,16,0.55,0
Laptop mini Lenovo Miix 320 310 210 D330 D335 window 10 lai máy tính bảng ổ cứng SSD màn hình cảm ứng cực mượt,Hybrid-PhoBERT,no,3,Laptop 15.6 inch HP Probook 450 G5 - Intel Core i5-7200U Ram 8gb SSD 256 Pin>4h,0.8846,0.9376,5.0,35,0.5,0
Laptop mini Lenovo Miix 320 310 210 D330 D335 window 10 lai máy tính bảng ổ cứng SSD màn hình cảm ứng cực mượt,Hybrid-PhoBERT,no,4,"Máy tính bảng Fujitsu Q508 Atom X7-z8750, 4gb ram, 128gb SSD, 10.1” Full HD cảm ứng",0.8836,0.9423,5.0,53,0.55,0
Laptop mini Lenovo Miix 320 310 210 D330 D335 window 10 lai máy tính bảng ổ cứng SSD màn hình cảm ứng cực mượt,Hybrid-PhoBERT,no,5,"Laptop 2 trong 1 Fujitsu Q665 Core M-5Y31, 4gb ram, 128gb SSD, 11.6” Full HD cảm ứng nhập khẩu nhật bản",0.8416,0.8906,4.67,16,0.5,0
Laptop mini Lenovo Miix 320 310 210 D330 D335 window 10 lai máy tính bảng ổ cứng SSD màn hình cảm ứng cực mượt,Hybrid-PhoBERT,yes,1,[Trả góp 0%]Dell Latitide E6430 Core i7 2620M 8G SSD 128GB 14inch GIÁ RẺ,0.9675,1.0257,5.0,11,0.55,0
Laptop mini Lenovo Miix 320 310 210 D330 D335 window 10 lai máy tính bảng ổ cứng SSD màn hình cảm ứng cực mượt,Hybrid-PhoBERT,yes,2,"Máy tính bảng Fujitsu Q508 Atom X7-z8750, 4gb ram, 128gb SSD, 10.1” Full HD cảm ứng",0.8836,0.9423,5.0,53,0.55,0
Laptop mini Lenovo Miix 320 310 210 D330 D335 window 10 lai máy tính bảng ổ cứng SSD màn hình cảm ứng cực mượt,Hybrid-PhoBERT,yes,3,"Laptop Nec VersaPro VK17 Core i7-4500U, 4gb Ram, 128gb SSD 13.3inch 2K HD IPS vỏ nhôm magie siêu mỏng nhẹ 800gram",0.8896,0.9419,4.5,16,0.55,0
Laptop mini Lenovo Miix 320 310 210 D330 D335 window 10 lai máy tính bảng ổ cứng SSD màn hình cảm ứng cực mượt,Hybrid-PhoBERT,yes,4,Laptop 15.6 inch HP Probook 450 G5 - Intel Core i5-7200U Ram 8gb SSD 256 Pin>4h,0.8846,0.9376,5.0,35,0.5,0
Laptop mini Lenovo Miix 320 310 210 D330 D335 window 10 lai máy tính bảng ổ cứng SSD màn hình cảm ứng cực mượt,Hybrid-PhoBERT,yes,5,"Laptop Dell Latitude 7380 (i5 6600u, 8GB, 256GB SSD, 13,3 inch, FHD) MỎNG NHẸ",0.8399,0.8928,5.0,20,0.5,0
điện thoại sony xperia 1 mark II 2 sim snap 865 ram 8gb 128gb 6.5 inch,TF-IDF,no,1,[MỚI] Điện thoại vivo Y19s (8GB+128GB) - 1 Đổi 1 trong tháng đầu tiên - Bảo hành chính hãng 12 tháng,0.2382,0.3121,5.0,0,0.7,1
điện thoại sony xperia 1 mark II 2 sim snap 865 ram 8gb 128gb 6.5 inch,TF-IDF,no,2,Apple iPhone 16 128GB - Chính Hãng (VN/A),0.2357,0.3096,5.0,0,0.7,1
điện thoại sony xperia 1 mark II 2 sim snap 865 ram 8gb 128gb 6.5 inch,TF-IDF,no,3,điện thoại V.V Y.93 Ram 6/128GB 2sim Pin trâu 4030 mAh,0.2289,0.2818,5.0,26,0.5,0
điện thoại sony xperia 1 mark II 2 sim snap 865 ram 8gb 128gb 6.5 inch,TF-IDF,no,4,Apple iPhone 16 Plus 128GB - Chính Hãng (VN/A),0.2286,0.3025,5.0,0,0.7,1
điện thoại sony xperia 1 mark II 2 sim snap 865 ram 8gb 128gb 6.5 inch,TF-IDF,no,5,Apple iPhone 16 Pro 128GB - Chính Hãng (VN/A),0.2254,0.2993,5.0,0,0.7,1
điện thoại sony xperia 1 mark II 2 sim snap 865 ram 8gb 128gb 6.5 inch,TF-IDF,yes,1,[MỚI] Điện thoại vivo Y19s (8GB+128GB) - 1 Đổi 1 trong tháng đầu tiên - Bảo hành chính hãng 12 tháng,0.2382,0.3121,5.0,0,0.7,1
điện thoại sony xperia 1 mark II 2 sim snap 865 ram 8gb 128gb 6.5 inch,TF-IDF,yes,2,Apple iPhone 16 128GB - Chính Hãng (VN/A),0.2357,0.3096,5.0,0,0.7,1
điện thoại sony xperia 1 mark II 2 sim snap 865 ram 8gb 128gb 6.5 inch,TF-IDF,yes,3,Apple iPhone 16 Plus 128GB - Chính Hãng (VN/A),0.2286,0.3025,5.0,0,0.7,1
điện thoại sony xperia 1 mark II 2 sim snap 865 ram 8gb 128gb 6.5 inch,TF-IDF,yes,4,Apple iPhone 16 Pro 128GB - Chính Hãng (VN/A),0.2254,0.2993,5.0,0,0.7,1
điện thoại sony xperia 1 mark II 2 sim snap 865 ram 8gb 128gb 6.5 inch,TF-IDF,yes,5,Điện thoại vivo Y28 (8GB+128GB) - Chính hãng - 1 Đổi 1 tháng đầu tiên - Bảo hành 12 tháng,0.2239,0.2978,5.0,0,0.7,1
điện thoại sony xperia 1 mark II 2 sim snap 865 ram 8gb 128gb 6.5 inch,SBERT,no,1,điện thoại V.V Y.93 Ram 6/128GB 2sim Pin trâu 4030 mAh,0.8562,0.9091,5.0,26,0.5,0
điện thoại sony xperia 1 mark II 2 sim snap 865 ram 8gb 128gb 6.5 inch,SBERT,no,2,điện thoại VV Y.11 Ram 6/126GB Pin khủng 5000 mAh,0.8488,0.9074,5.0,69,0.55,0
điện thoại sony xperia 1 mark II 2 sim snap 865 ram 8gb 128gb 6.5 inch,SBERT,no,3,[HCM]Điện thoại LG G7 thinq cpu snap 845 ram 4gb bộ nhớ 64gb,0.8306,0.8858,4.75,0,0.55,0
điện thoại sony xperia 1 mark II 2 sim snap 865 ram 8gb 128gb 6.5 inch,SBERT,no,4,UODEGA Tap P70 Tablet với màn hình 12 inch Android13 Full HD Hỗ trợ SIM kép Dung lượng cực lớn 16GB+1TB 15000mAh COD Ultra High Camera 48PM Máy tính bảng đa chức năng 🔥 Mua 1 tặng 6 🔥,0.8062,0.8592,5.0,51,0.5,0
điện thoại sony xperia 1 mark II 2 sim snap 865 ram 8gb 128gb 6.5 inch,SBERT,no,5,Máy tính bảng Samsung tab T295 Ram 2GB bộ nhớ 32GB Android 11 sim 4G máy đẹp 99,0.8059,0.8588,5.0,33,0.5,0
điện thoại sony xperia 1 mark II 2 sim snap 865 ram 8gb 128gb 6.5 inch,SBERT,yes,1,điện thoại V.V Y.93 Ram 6/128GB 2sim Pin trâu 4030 mAh,0.8562,0.9091,5.0,26,0.5,0
điện thoại sony xperia 1 mark II 2 sim snap 865 ram 8gb 128gb 6.5 inch,SBERT,yes,2,điện thoại VV Y.11 Ram 6/126GB Pin khủng 5000 mAh,0.8488,0.9074,5.0,69,0.55,0
điện thoại sony xperia 1 mark II 2 sim snap 865 ram 8gb 128gb 6.5 inch,SBERT,yes,3,[HCM]Điện thoại LG G7 thinq cpu snap 845 ram 4gb bộ nhớ 64gb,0.8306,0.8858,4.75,0,0.55,0
điện thoại sony xperia 1 mark II 2 sim snap 865 ram 8gb 128gb 6.5 inch,SBERT,yes,4,"Điện thoại Samsung Galaxy S24 Ultra, Điện thoại AI, Camera 200MP, Màn hình lớn 6.8""",0.7713,0.87,5.0,5400,0.7,1
điện thoại sony xperia 1 mark II 2 sim snap 865 ram 8gb 128gb 6.5 inch,SBERT,yes,5,Máy tính bảng Xiaomi Pad 7 (8+128GB | 8+256GB) | Màn hình 3.2K 144Hz siêu rõ nét | HyperAI | Vi xử lí Snapdragon® 7+ Gen 3 Mobile Platform,0.7785,0.8684,4.89,196,0.85,1
điện thoại sony xperia 1 mark II 2 sim snap 865 ram 8gb 128gb 6.5 inch,PhoBERT,no,1,điện thoại V.V Y.93 Ram 6/128GB 2sim Pin trâu 4030 mAh,0.9564,1.0093,5.0,26,0.5,0
điện thoại sony xperia 1 mark II 2 sim snap 865 ram 8gb 128gb 6.5 inch,PhoBERT,no,2,"Điện thoại Vivo S1 2sim ram 8G rom 256G Zin đẹp, Cảm biến vân tay trên màn hình",0.9521,1.0049,5.0,0,0.5,0
điện thoại sony xperia 1 mark II 2 sim snap 865 ram 8gb 128gb 6.5 inch,PhoBERT,no,3,Điện thoại Smartphone ZTE A35 Sieu Re RAM 4GB ROM 64GB -4G - MH 6.75inch- Pin 5000mAh,0.9489,1.0018,5.0,18,0.5,0
điện thoại sony xperia 1 mark II 2 sim snap 865 ram 8gb 128gb 6.5 inch,PhoBERT,no,4,[HCM]Điện thoại LG G7 thinq cpu snap 845 ram 4gb bộ nhớ 64gb,0.9475,1.0027,4.75,0,0.55,0
điện thoại sony xperia 1 mark II 2 sim snap 865 ram 8gb 128gb 6.5 inch,PhoBERT,no,5,New i17 Pro Max điện thoại thông minh 6.9inch HD đt Đài FM 16G/1TB điện thoại rẻ cho học sinh 4G/5G,0.947,0.9998,5.0,0,0.5,0
điện thoại sony xperia 1 mark II 2 sim snap 865 ram 8gb 128gb 6.5 inch,PhoBERT,yes,1,điện thoại V.V Y.93 Ram 6/128GB 2sim Pin trâu 4030 mAh,0.9564,1.0093,5.0,26,0.5,0
điện thoại sony xperia 1 mark II 2 sim snap 865 ram 8gb 128gb 6.5 inch,PhoBERT,yes,2,"Điện thoại 4G giá rẻ Samsung Galaxy A51 2sim ram 6G/128G, Cấu hình Cao Chiến mọi Game mượt, Chụp ảnh đẹp, BSN",0.9412,1.0057,5.0,33,0.6,0
điện thoại sony xperia 1 mark II 2 sim snap 865 ram 8gb 128gb 6.5 inch,PhoBERT,yes,3,"Điện thoại Vivo S1 2sim ram 8G rom 256G Zin đẹp, Cảm biến vân tay trên màn hình",0.9521,1.0049,5.0,0,0.5,0
điện thoại sony xperia 1 mark II 2 sim snap 865 ram 8gb 128gb 6.5 inch,PhoBERT,yes,4,Lenovo Legion Y700 máy tính bảng gaming Snapdragon 870 fullbox likenew,0.9452,1.0033,5.0,8,0.55,0
điện thoại sony xperia 1 mark II 2 sim snap 865 ram 8gb 128gb 6.5 inch,PhoBERT,yes,5,[HCM]Điện thoại LG G7 thinq cpu snap 845 ram 4gb bộ nhớ 64gb,0.9475,1.0027,4.75,0,0.55,0
điện thoại sony xperia 1 mark II 2 sim snap 865 ram 8gb 128gb 6.5 inch,Hybrid-SBERT,no,1,điện thoại V.V Y.93 Ram 6/128GB 2sim Pin trâu 4030 mAh,0.9675,1.0204,5.0,26,0.5,0
điện thoại sony xperia 1 mark II 2 sim snap 865 ram 8gb 128gb 6.5 inch,Hybrid-SBERT,no,2,[HCM]Điện thoại LG G7 thinq cpu snap 845 ram 4gb bộ nhớ 64gb,0.8393,0.8945,4.75,0,0.55,0
điện thoại sony xperia 1 mark II 2 sim snap 865 ram 8gb 128gb 6.5 inch,Hybrid-SBERT,no,3,Máy tính bảng Samsung tab T295 Ram 2GB bộ nhớ 32GB Android 11 sim 4G máy đẹp 99,0.7874,0.8404,5.0,33,0.5,0
điện thoại sony xperia 1 mark II 2 sim snap 865 ram 8gb 128gb 6.5 inch,Hybrid-SBERT,no,4,Điện thoại Vi.v0_Y19s 8GB/128GB Hàng Chính hãng Mới 100%,0.7704,0.8232,5.0,0,0.5,0
điện thoại sony xperia 1 mark II 2 sim snap 865 ram 8gb 128gb 6.5 inch,Hybrid-SBERT,no,5,"(Chính Hãng)điện thoại Samsung Galaxy A50s 2sim ram 4G/64G, Màn hình: 6.4""Full HD+, Cày Game siêu mượt ,BẢO HÀNH 12 THÁNG",0.7678,0.8208,5.0,52,0.5,0
điện thoại sony xperia 1 mark II 2 sim snap 865 ram 8gb 128gb 6.5 inch,Hybrid-SBERT,yes,1,điện thoại V.V Y.93 Ram 6/128GB 2sim Pin trâu 4030 mAh,0.9675,1.0204,5.0,26,0.5,0
điện thoại sony xperia 1 mark II 2 sim snap 865 ram 8gb 128gb 6.5 inch,Hybrid-SBERT,yes,2,[HCM]Điện thoại LG G7 thinq cpu snap 845 ram 4gb bộ nhớ 64gb,0.8393,0.8945,4.75,0,0.55,0
điện thoại sony xperia 1 mark II 2 sim snap 865 ram 8gb 128gb 6.5 inch,Hybrid-SBERT,yes,3,Máy tính bảng Samsung tab T295 Ram 2GB bộ nhớ 32GB Android 11 sim 4G máy đẹp 99,0.7874,0.8404,5.0,33,0.5,0
điện thoại sony xperia 1 mark II 2 sim snap 865 ram 8gb 128gb 6.5 inch,Hybrid-SBERT,yes,4,Điện thoại Vi.v0_Y19s 8GB/128GB Hàng Chính hãng Mới 100%,0.7704,0.8232,5.0,0,0.5,0
điện thoại sony xperia 1 mark II 2 sim snap 865 ram 8gb 128gb 6.5 inch,Hybrid-SBERT,yes,5,"(Chính Hãng)điện thoại Samsung Galaxy A50s 2sim ram 4G/64G, Màn hình: 6.4""Full HD+, Cày Game siêu mượt ,BẢO HÀNH 12 THÁNG",0.7678,0.8208,5.0,52,0.5,0
điện thoại sony xperia 1 mark II 2 sim snap 865 ram 8gb 128gb 6.5 inch,Hybrid-PhoBERT,no,1,điện thoại V.V Y.93 Ram 6/128GB 2sim Pin trâu 4030 mAh,0.9675,1.0204,5.0,26,0.5,0
điện thoại sony xperia 1 mark II 2 sim snap 865 ram 8gb 128gb 6.5 inch,Hybrid-PhoBERT,no,2,Điện thoại Siêu Phẩm Pin Khủng Điện thoại Oukitel WP28S pin 10600,0.8744,0.9272,5.0,0,0.5,0
điện thoại sony xperia 1 mark II 2 sim snap 865 ram 8gb 128gb 6.5 inch,Hybrid-PhoBERT,no,3,[HCM]Điện thoại LG G7 thinq cpu snap 845 ram 4gb bộ nhớ 64gb,0.8317,0.8869,4.75,0,0.55,0
điện thoại sony xperia 1 mark II 2 sim snap 865 ram 8gb 128gb 6.5 inch,Hybrid-PhoBERT,no,4,"Điện thoại Vivo S1 2sim ram 8G rom 256G Zin đẹp, Cảm biến vân tay trên màn hình",0.8216,0.8744,5.0,0,0.5,0
điện thoại sony xperia 1 mark II 2 sim snap 865 ram 8gb 128gb 6.5 inch,Hybrid-PhoBERT,no,5,"điện thoại 4G Samsung Galaxy S9 Plus ram 6G/64G Chính Hãng, Chiến Game mượt, Chụp ảnh siêu đẹp - CMSS",0.7632,0.8161,5.0,37,0.5,0
điện thoại sony xperia 1 mark II 2 sim snap 865 ram 8gb 128gb 6.5 inch,Hybrid-PhoBERT,yes,1,điện thoại V.V Y.93 Ram 6/128GB 2sim Pin trâu 4030 mAh,0.9675,1.0204,5.0,26,0.5,0
điện thoại sony xperia 1 mark II 2 sim snap 865 ram 8gb 128gb 6.5 inch,Hybrid-PhoBERT,yes,2,Điện thoại Siêu Phẩm Pin Khủng Điện thoại Oukitel WP28S pin 10600,0.8744,0.9272,5.0,0,0.5,0
điện thoại sony xperia 1 mark II 2 sim snap 865 ram 8gb 128gb 6.5 inch,Hybrid-PhoBERT,yes,3,[HCM]Điện thoại LG G7 thinq cpu snap 845 ram 4gb bộ nhớ 64gb,0.8317,0.8869,4.75,0,0.55,0
điện thoại sony xperia 1 mark II 2 sim snap 865 ram 8gb 128gb 6.5 inch,Hybrid-PhoBERT,yes,4,"Điện thoại Vivo S1 2sim ram 8G rom 256G Zin đẹp, Cảm biến vân tay trên màn hình",0.8216,0.8744,5.0,0,0.5,0
điện thoại sony xperia 1 mark II 2 sim snap 865 ram 8gb 128gb 6.5 inch,Hybrid-PhoBERT,yes,5,"điện thoại 4G Samsung Galaxy S9 Plus ram 6G/64G Chính Hãng, Chiến Game mượt, Chụp ảnh siêu đẹp - CMSS",0.7632,0.8161,5.0,37,0.5,0
,TF-IDF,no,1,Củ sạc Samsung Charger 45W type C,0.0,0.0914,4.9,1500,0.8,1
,TF-IDF,no,2,Apple iPhone Air 256GB Chính hãng,0.0,0.0741,5.0,54,0.7,1
,TF-IDF,no,3,Apple iPhone 17 Pro 512GB Chính hãng,0.0,0.0739,5.0,10,0.7,1
,TF-IDF,no,4,Apple iPhone 17 Pro Max 512GB Chính hãng,0.0,0.0741,5.0,50,0.7,1
,TF-IDF,no,5,Apple iPhone AIR - Chính Hãng (VN/A),0.0,0.0739,5.0,0,0.7,1
,TF-IDF,yes,1,Tai Nghe Apple EarPods Cổng Lightning (MMTN2) - Hàng Chính Hãng ZA/A,0.0,0.1457,4.91,6000,1.0,1
,TF-IDF,yes,2,Củ sạc Samsung Charger 45W type C,0.0,0.0914,4.9,1500,0.8,1
,TF-IDF,yes,3,Điện thoại Apple iPhone 17 - Hàng Chính Hãng ZP/A,0.0,0.086,4.92,364,0.8,1
,TF-IDF,yes,4,Phụ kiện Apple USB-C TO LIGHTNING CABLE (1 M) Chính hãng (FE/A) [Viettel Store],0.0,0.0858,5.0,232,0.8,1
,TF-IDF,yes,5,Apple iPhone 15 128GB Chính hãng (VN/A),0.0,0.0791,4.89,203,0.75,1
,SBERT,no,1,MÁY TÍNH BẢNG TÍCH HỢP ĐIỆN THOẠI NEW FULL BOX GIÁ RẺ DÀNH CHO HỌC SINH SINH VIÊN NGƯỜI LỚN TUỔI,0.2964,0.3492,5.0,0,0.5,0
,SBERT,no,2,Điện thoại giá học sinh Bộ nhớ 16+1TB dt gia rẻ Camera 72+48MP điện thoại tồn kho Cấu Hình Mạnh Đỉnh New Arrival Chính Hãng đt giá rẻ cho học sinh,0.2896,0.3424,5.0,0,0.5,0
,SBERT,no,3,ĐIỆN THOẠI GIÁ RẺ 7. PIUS Q. TẾ FULL CHỨC NĂNG CÒN ĐẸP TẶNG KÈM PHỤ KIỆN,0.2865,0.3393,5.0,0,0.5,0
,SBERT,no,4,2023 điện thoại CHÍNH HÃNG Galaxy S23 Ultra Bộ nhớ MỚI Sẵn Tiếng Việt chơi LIÊN QUÂN-PUBG-FREE FIRE ngon lành Học Online đỉnh 12+512GB,0.2806,0.3335,5.0,20,0.5,0
,SBERT,no,5,ĐIỆN THOẠI GIÁ RẺ 6G QUỐC TẾ FULL CHỨC NĂNG CÒN ĐẸP TẶNG KÈM PHỤ KIỆN,0.2659,0.324,5.0,0,0.55,0
,SBERT,yes,1,MÁY TÍNH BẢNG TÍCH HỢP ĐIỆN THOẠI NEW FULL BOX GIÁ RẺ DÀNH CHO HỌC SINH SINH VIÊN NGƯỜI LỚN TUỔI,0.2964,0.3492,5.0,0,0.5,0
,SBERT,yes,2,Điện thoại giá học sinh Bộ nhớ 16+1TB dt gia rẻ Camera 72+48MP điện thoại tồn kho Cấu Hình Mạnh Đỉnh New Arrival Chính Hãng đt giá rẻ cho học sinh,0.2896,0.3424,5.0,0,0.5,0
,SBERT,yes,3,ĐIỆN THOẠI GIÁ RẺ 7. PIUS Q. TẾ FULL CHỨC NĂNG CÒN ĐẸP TẶNG KÈM PHỤ KIỆN,0.2865,0.3393,5.0,0,0.5,0
,SBERT,yes,4,2023 điện thoại CHÍNH HÃNG Galaxy S23 Ultra Bộ nhớ MỚI Sẵn Tiếng Việt chơi LIÊN QUÂN-PUBG-FREE FIRE ngon lành Học Online đỉnh 12+512GB,0.2806,0.3335,5.0,20,0.5,0
,SBERT,yes,5,ĐIỆN THOẠI GIÁ RẺ 6G QUỐC TẾ FULL CHỨC NĂNG CÒN ĐẸP TẶNG KÈM PHỤ KIỆN,0.2659,0.324,5.0,0,0.55,0
,PhoBERT,no,1,Xiaomi Focus Pen Pro,0.3493,0.4339,5.0,5,0.8,1
,PhoBERT,no,2,Tai Nghe Apple EarPods Cổng Lightning (MMTN2) - Hàng Chính Hãng ZA/A,0.3475,0.4932,4.91,6000,1.0,1
,PhoBERT,no,3,[CN Version]Miui | Xiaomi 17 Pro Điện Thoại Chơi Game,0.3448,0.4037,4.83,0,0.55,0
,PhoBERT,no,4,Sạc dự phòng Xiaomi UltraThin Magnetic Power Bank 5000 15W,0.34,0.4248,4.92,130,0.8,1
,PhoBERT,no,5,Bút cảm ứng Apple Pencil (USB-C) - Hàng chính hãng ZP/A,0.3383,0.4255,4.67,249,0.85,1
,PhoBERT,yes,1,Tai Nghe Apple EarPods Cổng Lightning (MMTN2) - Hàng Chính Hãng ZA/A,0.3475,0.4932,4.91,6000,1.0,1
,PhoBERT,yes,2,MacBook Air 2020 13.3 inch M1- Hàng Chính Hãng SA/A,0.3162,0.4395,4.85,3400,0.95,1
,PhoBERT,yes,3,Xiaomi Focus Pen Pro,0.3493,0.4339,5.0,5,0.8,1
,PhoBERT,yes,4,[New] Xiaomi Smart Band 10 Glimmer Edition Glimmer Gold & Xiaomi Smart band 10 & Xiaomi Smart Band 10 Ceramic Edition Pearl White,0.3271,0.4278,4.94,1200,0.85,1
,PhoBERT,yes,5,"Tai nghe Samsung Galaxy Buds FE, Kết nối Bluetooth, ANC, 3 Micro Chống ồn, Cảm ứng chạm",0.3213,0.4264,4.97,3300,0.8,1
,Hybrid-SBERT,no,1,"ĐIỆN THOẠI 6SPL LƯỚT WEB, XEM PHIM, CHƠI GAME BẢO HÀNH 12 THÁNG",0.832,0.8848,5.0,0,0.5,0
,Hybrid-SBERT,no,2,ĐIỆN THOẠI GIÁ RẺ 6G QUỐC TẾ FULL CHỨC NĂNG CÒN ĐẸP TẶNG KÈM PHỤ KIỆN,0.7386,0.7967,5.0,0,0.55,0
,Hybrid-SBERT,no,3,dt giá rẻ đánh mọi gaming nặng chất điện thoại Hỗ trợ 4G/5G đt rẻ Màn hình AMOLED điện thoại việt nam Hỗ trợ kiểm tra hàng hóa Giao hàng nhận tiền,0.5992,0.652,5.0,0,0.5,0
,Hybrid-SBERT,no,4,Điện thoại Samsung note 8 / đọc mô tả bên dưới,0.5982,0.651,5.0,0,0.5,0
,Hybrid-SBERT,no,5,Điện thoại Forme D111 4G Chính hãng Bán chạy,0.5624,0.6152,5.0,0,0.5,0
,Hybrid-SBERT,yes,1,"ĐIỆN THOẠI 6SPL LƯỚT WEB, XEM PHIM, CHƠI GAME BẢO HÀNH 12 THÁNG",0.832,0.8848,5.0,0,0.5,0
,Hybrid-SBERT,yes,2,ĐIỆN THOẠI GIÁ RẺ 6G QUỐC TẾ FULL CHỨC NĂNG CÒN ĐẸP TẶNG KÈM PHỤ KIỆN,0.7386,0.7967,5.0,0,0.55,0
,Hybrid-SBERT,yes,3,dt giá rẻ đánh mọi gaming nặng chất điện thoại Hỗ trợ 4G/5G đt rẻ Màn hình AMOLED điện thoại việt nam Hỗ trợ kiểm tra hàng hóa Giao hàng nhận tiền,0.5992,0.652,5.0,0,0.5,0
,Hybrid-SBERT,yes,4,Điện thoại Samsung note 8 / đọc mô tả bên dưới,0.5982,0.651,5.0,0,0.5,0
,Hybrid-SBERT,yes,5,Điện thoại Forme D111 4G Chính hãng Bán chạy,0.5624,0.6152,5.0,0,0.5,0
,Hybrid-PhoBERT,no,1,[CN Version]Miui | Xiaomi 17 Pro Điện Thoại Chơi Game,0.7138,0.7727,4.83,0,0.55,0
,Hybrid-PhoBERT,no,2,"ĐIỆN THOẠI 6SPL LƯỚT WEB, XEM PHIM, CHƠI GAME BẢO HÀNH 12 THÁNG",0.6702,0.723,5.0,0,0.5,0
,Hybrid-PhoBERT,no,3,ĐIỆN THOẠI GIÁ RẺ 6G QUỐC TẾ FULL CHỨC NĂNG CÒN ĐẸP TẶNG KÈM PHỤ KIỆN,0.6004,0.6585,5.0,0,0.55,0
,Hybrid-PhoBERT,no,4,Bút cảm ứng Apple Pencil (USB-C) - Hàng chính hãng ZP/A,0.5992,0.6864,4.67,249,0.85,1
,Hybrid-PhoBERT,no,5,[Trả góp 0%] Điện Thoại Apple iPhone 13 Chính hãng VN/A [Viettel Store],0.5914,0.6733,5.0,565,0.75,1
,Hybrid-PhoBERT,yes,1,[CN Version]Miui | Xiaomi 17 Pro Điện Thoại Chơi Game,0.7138,0.7727,4.83,0,0.55,0
,Hybrid-PhoBERT,yes,2,"ĐIỆN THOẠI 6SPL LƯỚT WEB, XEM PHIM, CHƠI GAME BẢO HÀNH 12 THÁNG",0.6702,0.723,5.0,0,0.5,0
,Hybrid-PhoBERT,yes,3,Bút cảm ứng Apple Pencil (USB-C) - Hàng chính hãng ZP/A,0.5992,0.6864,4.67,249,0.85,1
,Hybrid-PhoBERT,yes,4,Điện thoại Apple iPhone 16 Plus - Hàng Chính Hãng VN/A,0.58,0.675,4.98,895,0.85,1
,Hybrid-PhoBERT,yes,5,"[Mã Giảm 20%, COD Thanh Toán Khi Nhận Hàng] Đồng hồ Apple Watch SE 3 GPS Vỏ Nhôm và Dây Đeo Thể Thao (Cao Su) - Hàng Chính Hãng SA/A",0.5879,0.674,4.67,52,0.85,1
